Date,Open,10:00 AM,11:00 AM,2:00 PM,Close,,Open,10:00 AM,11:00 AM,2:00 PM,Close,,,Close - Open,,Relative AD,,5-day RAD,10-day RAD,20-day RAD,,Close - 10am,,Relative AD,,5-day RAD,10-day RAD,20-day RAD,,Close - 11am,,Relative AD,,5-day RAD,10-day RAD,20-day RAD,,,,,
,,,,,,,,,,,,,,,,,,,,,,,,,,,,,,,,,,,,,,,,,
12/31/2024,, 111.49 , 111.33 , 110.69 , 110.53 ,,,,,,,,,,,,,,,,,,,,,,,,,,,,,,,,,,,,
1/2/2025, 111.32 , 112.78 , 111.98 , 110.79 , 111.79 ,, 0.79 , 1.46 , (0.80), (1.19), 1.00 ,,,0.4222%,,1.2383%,,,,,,-0.8778%,,0.0694%,,,,,,-0.1697%,,0.3460%,,,,,,,,,
1/3/2025, 112.48 , 113.38 , 113.62 , 114.75 , 115.20 ,, 0.69 , 0.90 , 0.24 , 1.13 , 0.45 ,,,2.4182%,,1.6795%,,,,,,1.6052%,,0.9488%,,,,,,1.3906%,,0.9289%,,,,,,,,,
1/6/2025, 117.70 , 118.24 , 118.09 , 118.49 , 118.98 ,, 2.50 , 0.54 , (0.15), 0.40 , 0.49 ,,,1.0875%,,1.2334%,,,,,,0.6258%,,1.0406%,,,,,,0.7537%,,1.3331%,,,,,,,,,
1/7/2025, 119.69 , 117.21 , 116.45 , 116.25 , 115.29 ,, 0.71 , (2.48), (0.76), (0.20), (0.96),,,-3.6762%,,-2.2199%,,,,,,-1.6381%,,-0.3603%,,,,,,-0.9961%,,-0.2008%,,,,,,,,,
1/8/2025, 115.15 , 114.90 , 114.61 , 115.59 , 115.51 ,, (0.14), (0.25), (0.29), 0.98 , (0.08),,,0.3126%,,0.1903%,,2.1217%,,,,0.5309%,,0.1836%,,1.8821%,,,,0.7853%,,0.6153%,,3.0225%,,,,,,,
1/10/2025, 115.25 , 114.28 , 113.69 , 115.47 , 114.34 ,, (0.26), (0.97), (0.59), 1.78 , (1.13),,,-0.7896%,,0.1270%,,1.0104%,,,,0.0525%,,0.4762%,,2.2889%,,,,0.5717%,,0.6733%,,3.3498%,,,,,,,
1/13/2025, 110.11 , 112.28 , 111.89 , 112.49 , 112.64 ,, (4.23), 2.17 , (0.39), 0.60 , 0.15 ,,,2.2977%,,1.2435%,,0.5743%,,,,0.3206%,,-0.3664%,,0.9738%,,,,0.6703%,,-0.0115%,,2.4094%,,,,,,,
1/14/2025, 114.61 , 113.60 , 114.63 , 114.60 , 114.91 ,, 1.97 , (1.01), 1.03 , (0.03), 0.31 ,,,0.2618%,,0.6331%,,-0.0260%,,,,1.1532%,,1.1721%,,1.1052%,,,,0.2443%,,0.1755%,,1.2518%,,,,,,,
1/15/2025, 116.47 , 116.50 , 116.66 , 116.75 , 116.10 ,, 1.56 , 0.03 , 0.16 , 0.09 , (0.65),,,-0.3177%,,-0.7327%,,1.4612%,,,,-0.3433%,,-0.4869%,,0.9785%,,,,-0.4800%,,-0.7524%,,0.7003%,,,,,,,
1/16/2025, 117.32 , 117.22 , 118.20 , 118.91 , 118.13 ,, 1.22 , (0.10), 0.98 , 0.71 , (0.78),,,0.6904%,,1.1061%,,2.3770%,4.4986%,,,0.7763%,,0.8574%,,1.6523%,3.5344%,,,-0.0592%,,0.2373%,,0.3223%,3.3448%,,,,,,
1/17/2025, 119.90 , 119.44 , 120.74 , 120.33 , 119.95 ,, 1.77 , (0.46), 1.30 , (0.41), (0.38),,,0.0417%,,-0.0605%,,2.1895%,3.1999%,,,0.4270%,,0.2123%,,1.3884%,3.6773%,,,-0.6543%,,-0.5557%,,-0.9067%,2.4432%,,,,,,
1/21/2025, 121.56 , 120.53 , 120.91 , 121.70 , 121.50 ,, 1.61 , (1.03), 0.38 , 0.79 , (0.20),,,-0.0494%,,-0.4239%,,0.5221%,1.0964%,,,0.8048%,,0.4051%,,2.1599%,3.1337%,,,0.4880%,,0.0632%,,-0.8319%,1.5775%,,,,,,
1/22/2025, 126.18 , 129.53 , 129.82 , 130.41 , 129.82 ,, 4.68 , 3.35 , 0.29 , 0.59 , (0.59),,,2.8848%,,2.8155%,,2.7045%,2.6784%,,,0.2239%,,0.2486%,,1.2365%,2.3417%,,,0.0000%,,0.0346%,,-0.9728%,0.2790%,,,,,,
1/23/2025, 128.34 , 127.86 , 128.54 , 128.90 , 129.12 ,, (1.48), (0.48), 0.68 , 0.36 , 0.22 ,,,0.6078%,,-0.0443%,,3.3929%,4.8541%,,,0.9855%,,0.4048%,,2.1283%,3.1068%,,,0.4512%,,-0.0200%,,-0.2405%,0.4597%,,,,,,
1/24/2025, 133.31 , 132.41 , 130.39 , 128.91 , 129.17 ,, 4.19 , (0.90), (2.02), (1.48), 0.26 ,,,-3.1055%,,-2.8038%,,-0.5171%,1.8599%,,,-2.4469%,,-2.0603%,,-0.7894%,0.8629%,,,-0.9357%,,-0.7370%,,-1.2149%,-0.8926%,,,,,,
1/27/2025, 109.62 , 111.47 , 105.77 , 98.77 , 100.30 ,, (19.55), 1.85 , (5.70), (7.00), 1.53 ,,,-8.5021%,,-9.2755%,,-9.7320%,-7.5425%,,,-10.0206%,,-10.1526%,,-11.1543%,-9.7659%,,,-5.1716%,,-5.3940%,,-6.0532%,-6.9598%,,,,,,
1/28/2025, 105.02 , 101.26 , 103.28 , 103.65 , 106.54 ,, 4.72 , (3.76), 2.02 , 0.37 , 2.89 ,,,1.4473%,,0.8030%,,-8.5051%,-7.9830%,,,5.2143%,,4.2877%,,-7.2718%,-5.1118%,,,3.1565%,,2.9193%,,-3.1971%,-4.0290%,,,,,,
1/29/2025, 107.38 , 109.09 , 107.14 , 107.53 , 107.84 ,, 0.84 , 1.71 , (1.95), 0.39 , 0.31 ,,,0.4284%,,0.7448%,,-10.5758%,-7.8713%,,,-1.1458%,,-0.9038%,,-8.4242%,-7.1877%,,,0.6534%,,0.8143%,,-2.4174%,-3.3903%,,,,,,
1/30/2025, 114.77 , 113.75 , 113.13 , 113.00 , 113.86 ,, 6.93 , (1.02), (0.62), (0.13), 0.86 ,,,-0.7929%,,-0.9618%,,-11.4933%,-8.1004%,,,0.0967%,,0.0901%,,-8.7389%,-6.6107%,,,0.6453%,,0.0667%,,-2.3307%,-2.5712%,,,,,,
1/31/2025, 115.40 , 116.81 , 117.30 , 116.84 , 115.23 ,, 1.54 , 1.41 , 0.49 , (0.46), (1.61),,,-0.1473%,,0.7910%,0,-7.8985%,-8.4156%,-3.9169%,,-1.3526%,,-0.3150%,,-6.9937%,-7.7830%,-4.2487%,,-1.7647%,,-0.5095%,,-2.1031%,-3.3180%,0.0268%,,0,1,0,1
2/3/2025, 109.67 , 110.58 , 112.42 , 112.28 , 111.50 ,, (5.56), 0.91 , 1.84 , (0.14), (0.78),,,1.6686%,,0.8284%,1,2.2053%,-7.5267%,-4.3268%,,0.8320%,,-0.1156%,,3.0433%,-8.1110%,-4.4336%,,-0.8184%,,-0.7799%,,2.5110%,-3.5422%,-1.0991%,,1,1,1,3
2/4/2025, 113.00 , 109.22 , 110.55 , 111.03 , 112.32 ,, 1.50 , (3.78), 1.33 , 0.48 , 1.29 ,,,-0.6018%,,-1.2591%,1,0.1432%,-8.3619%,-7.2655%,,2.8383%,,2.3775%,,1.1332%,-6.1386%,-3.0049%,,1.6011%,,1.3629%,,0.9545%,-2.2426%,-0.6651%,,1,1,1,3
2/5/2025, 114.73 , 114.01 , 113.78 , 114.56 , 115.49 ,, 2.41 , (0.71), (0.23), 0.78 , 0.93 ,,,0.6668%,,0.0791%,0,-0.5225%,-11.0983%,-8.4198%,,1.2981%,,0.6233%,,2.6603%,-5.7639%,-3.4222%,,1.5029%,,0.9068%,,1.0471%,-1.3704%,-1.0914%,,0,1,1,2
2/6/2025, 116.88 , 116.24 , 115.28 , 115.08 , 115.27 ,, 1.39 , (0.64), (0.96), (0.20), 0.19 ,,,-1.3775%,,-1.4352%,0,-0.9959%,-12.4892%,-7.6352%,,-0.8345%,,-1.0113%,,1.5590%,-7.1800%,-4.0732%,,-0.0087%,,-0.2932%,,0.6872%,-1.6435%,-1.1837%,,0,1,1,2
2/7/2025, 116.85 , 119.55 , 119.73 , 118.68 , 118.47 ,, 1.58 , 2.70 , 0.18 , (1.05), (0.21),,,1.3864%,,2.3932%,1,0.6063%,-7.2922%,-5.4323%,,-0.9034%,,0.2532%,,2.1272%,-4.8665%,-4.0036%,,-1.0524%,,-0.6165%,,0.5802%,-1.5230%,-2.4156%,,1,1,1,3
2/10/2025, 120.00 , 119.70 , 120.26 , 120.01 , 120.23 ,, 1.53 , (0.30), 0.56 , (0.25), 0.22 ,,,0.1917%,,0.0658%,0,-0.1563%,2.0491%,-5.4935%,,0.4428%,,0.2274%,,2.4701%,5.5135%,-4.2524%,,-0.0249%,,-0.0117%,,1.3483%,3.8593%,-3.1005%,,0,0,1,1
2/11/2025, 117.90 , 117.38 , 118.43 , 117.10 , 116.84 ,, (2.33), (0.52), 1.05 , (1.33), (0.26),,,-0.8991%,,-1.3405%,0,-0.2376%,-0.0945%,-8.0774%,,-0.4600%,,-0.7716%,,-0.6791%,0.4542%,-4.6577%,,-1.3426%,,-1.4252%,,-1.4398%,-0.4853%,-4.5143%,,0,0,1,1
2/12/2025, 111.84 , 113.81 , 111.29 , 109.93 , 109.64 ,, (5.00), 1.97 , (2.52), (1.36), (0.29),,,-1.9671%,,-2.6614%,0,-2.9781%,-3.5006%,-11.3719%,,-3.6640%,,-3.9966%,,-5.2989%,-2.6386%,-9.8263%,,-1.4826%,,-1.6370%,,-3.9836%,-2.9366%,-6.3268%,,0,1,1,2
2/13/2025, 109.72 , 109.69 , 109.13 , 109.95 , 109.75 ,, 0.08 , (0.03), (0.56), 0.82 , (0.20),,,0.0273%,,-0.8346%,0,-2.3774%,-3.3734%,-11.4738%,,0.0547%,,-0.7488%,,-5.0365%,-3.4775%,-10.0882%,,0.5681%,,0.1399%,,-3.5506%,-2.8634%,-5.4346%,,0,1,1,2
2/14/2025, 109.05 , 108.12 , 107.36 , 106.80 , 106.87 ,, (0.70), (0.93), (0.76), (0.56), 0.07 ,,,-1.9991%,,-1.9597%,0,-6.7303%,-6.1241%,-14.5396%,,-1.1561%,,-1.0300%,,-6.3197%,-4.1925%,-11.9756%,,-0.4564%,,-0.3237%,,-3.2578%,-2.6777%,-5.9957%,,0,0,1,1
2/18/2025, 109.10 , 109.48 , 109.30 , 110.38 , 111.06 ,, 2.23 , 0.38 , (0.18), 1.08 , 0.68 ,,,1.7965%,,1.7196%,0,-5.0766%,-5.2329%,-12.7596%,,1.4432%,,1.2399%,,-5.3071%,-2.8370%,-10.9479%,,1.6102%,,1.4891%,,-1.7571%,-0.4087%,-3.9510%,,0,1,1,2
2/19/2025, 104.50 , 103.17 , 102.14 , 102.56 , 103.92 ,, (6.56), (1.33), (1.03), 0.42 , 1.36 ,,,-0.5550%,,-1.0173%,0,-4.7533%,-4.9910%,-13.3529%,,0.7270%,,0.2384%,,-4.2971%,-4.9762%,-11.1147%,,1.7427%,,1.2904%,,0.9585%,-0.4813%,-2.7238%,,0,1,1,2
2/20/2025, 104.70 , 100.03 , 100.90 , 101.89 , 103.40 ,, 0.78 , (4.67), 0.87 , 0.99 , 1.51 ,,,-1.2416%,,-1.0520%,0,-3.1439%,-6.1220%,-17.2203%,,3.3690%,,3.0402%,,2.7397%,-2.5592%,-8.3231%,,2.4777%,,1.9788%,,4.5743%,0.5907%,-0.7796%,,0,1,1,2
2/21/2025, 104.18 , 103.11 , 102.25 , 99.38 , 98.30 ,, 0.78 , (1.07), (0.86), (2.87), (1.08),,,-5.6441%,,-3.9691%,0,-6.2785%,-8.6559%,-21.1451%,,-4.6649%,,-3.2630%,,0.2255%,-4.8110%,-11.9909%,,-3.8631%,,-2.7260%,,1.7084%,-1.8422%,-3.4856%,,0,1,1,2
2/24/2025, 94.05 , 94.35 , 92.03 , 93.34 , 92.69 ,, (4.25), 0.30 , (2.32), 1.31 , (0.65),,,-1.4460%,,-0.6454%,0,-4.9641%,-11.6945%,-18.9867%,,-1.7594%,,-1.4989%,,-0.2434%,-6.5630%,-11.4295%,,0.7172%,,0.8008%,,2.8330%,-0.4248%,-1.9478%,,0,1,1,2
2/25/2025, 90.06 , 91.23 , 90.19 , 92.66 , 92.88 ,, (2.63), 1.17 , (1.04), 2.47 , 0.22 ,,,3.1312%,,3.6236%,0,-3.0601%,-8.1367%,-6.0877%,,1.8086%,,1.9800%,,0.4967%,-4.8104%,0.7031%,,2.9826%,,2.6652%,,4.0091%,2.2521%,6.1114%,,0,1,1,2
2/26/2025, 95.76 , 95.92 , 97.53 , 95.88 , 96.38 ,, 2.88 , 0.17 , 1.61 , (1.65), 0.50 ,,,0.6527%,,0.8860%,0,-1.1569%,-5.9103%,-6.0047%,,0.4796%,,1.0099%,,1.2682%,-3.0289%,-2.5747%,,-1.1791%,,-0.4594%,,2.2594%,3.2179%,2.7326%,,0,1,1,2
2/27/2025, 97.93 , 92.82 , 92.99 , 93.83 , 91.57 ,, 1.55 , (5.11), 0.17 , 0.84 , (2.26),,,-6.4944%,,-4.5157%,0,-4.6207%,-7.7646%,-11.2652%,,-1.3467%,,-0.0993%,,-1.8713%,0.8684%,-1.7701%,,-1.5270%,,-0.1132%,,0.1673%,4.7417%,1.8051%,,0,1,1,2
2/28/2025, 90.97 , 91.44 , 93.14 , 90.86 , 93.05 ,, (0.60), 0.47 , 1.70 , (2.28), 2.19 ,,,2.2865%,,0.8332%,1,0.1816%,-6.0969%,-9.4703%,,1.7607%,,0.3888%,,1.7805%,2.0060%,-1.4715%,,-0.0966%,,-0.9814%,,1.9120%,3.6204%,0.7570%,,1,1,1,3
3/3/2025, 93.07 , 89.41 , 89.75 , 88.10 , 86.01 ,, 0.02 , (3.66), 0.34 , (1.65), (2.09),,,-7.5857%,,-5.5376%,0,-4.7107%,-9.6748%,-15.7989%,,-3.8027%,,-2.2716%,,1.0077%,0.7644%,-3.4281%,,-4.1671%,,-2.7408%,,-1.6296%,1.2034%,-1.4743%,,0,1,1,2
3/4/2025, 82.72 , 83.12 , 83.15 , 85.45 , 85.52 ,, (3.29), 0.40 , 0.03 , 2.30 , 0.07 ,,,3.3849%,,3.8748%,0,-4.4594%,-7.5196%,-12.7524%,,2.8874%,,2.6842%,,1.7119%,2.2086%,-0.6284%,,2.8503%,,2.3660%,,-1.9288%,2.0803%,1.6716%,,0,1,1,2
3/5/2025, 87.19 , 85.98 , 86.39 , 87.46 , 87.82 ,, 1.67 , (1.21), 0.41 , 1.07 , 0.36 ,,,0.7226%,,-0.3803%,0,-5.7257%,-6.8826%,-11.8736%,,2.1400%,,0.8827%,,1.5847%,2.8529%,-2.1232%,,1.6553%,,0.5927%,,-0.8766%,1.3827%,0.9015%,,0,1,1,2
3/6/2025, 83.64 , 84.92 , 86.11 , 84.06 , 84.34 ,, (4.18), 1.28 , 1.19 , (2.05), 0.28 ,,,0.8369%,,1.3026%,1,0.0927%,-4.5280%,-10.6501%,,-0.6830%,,-0.4010%,,1.2830%,-0.5883%,-3.1475%,,-2.0555%,,-1.0343%,,-1.7977%,-1.6303%,-1.0396%,,1,1,1,3
3/7/2025, 85.81 , 84.69 , 82.77 , 82.42 , 83.36 ,, 1.47 , (1.12), (1.92), (0.35), 0.94 ,,,-2.8551%,,-3.7345%,0,-4.4750%,-4.2934%,-12.9493%,,-1.5704%,,-1.9137%,,-1.0194%,0.7611%,-4.0499%,,0.7128%,,-0.1647%,,-0.9810%,0.9310%,-0.9112%,,0,0,1,1
3/10/2025, 80.00 , 78.46 , 76.73 , 77.22 , 77.56 ,, (3.36), (1.54), (1.73), 0.49 , 0.34 ,,,-3.0500%,,-1.8449%,0,-0.7822%,-5.4929%,-17.1874%,,-1.1471%,,0.0180%,,1.2702%,2.2779%,-4.2851%,,1.0817%,,1.6474%,,3.4071%,1.7775%,1.3527%,,0,1,1,2
3/11/2025, 77.81 , 79.30 , 78.39 , 78.72 , 79.13 ,, 0.25 , 1.49 , (0.91), 0.33 , 0.41 ,,,1.6964%,,2.2828%,0,-2.3742%,-6.8337%,-14.9704%,,-0.2144%,,0.4412%,,-0.9728%,0.7392%,-4.0713%,,0.9440%,,0.7007%,,1.7418%,-0.1870%,2.0651%,,0,1,1,2
3/12/2025, 82.44 , 81.06 , 80.04 , 80.32 , 80.25 ,, 3.31 , (1.38), (1.02), 0.28 , (0.07),,,-2.6565%,,-2.0766%,0,-4.0705%,-9.7962%,-15.7065%,,-0.9993%,,-0.8974%,,-2.7528%,-1.1681%,-4.1970%,,0.2624%,,-0.3334%,,0.8156%,-0.0610%,3.1569%,,0,1,1,2
3/13/2025, 79.65 , 78.82 , 80.14 , 79.46 , 80.14 ,, (0.60), (0.83), 1.32 , (0.68), 0.68 ,,,0.6152%,,1.8650%,0,-3.5082%,-3.4155%,-11.1801%,,1.6747%,,2.3089%,,-0.0430%,1.2400%,2.1085%,,0.0000%,,0.8040%,,2.6539%,0.8562%,5.5979%,,0,0,1,1
3/14/2025, 82.00 , 82.40 , 84.01 , 83.38 , 83.51 ,, 1.86 , 0.40 , 1.61 , (0.63), 0.13 ,,,1.8415%,,0.6367%,1,0.8630%,-3.6120%,-9.7089%,,1.3471%,,0.5646%,,2.4353%,1.4158%,3.4219%,,-0.5952%,,-1.0467%,,1.7719%,0.7909%,4.4113%,,1,1,1,3
3/17/2025, 83.88 , 84.64 , 84.09 , 84.66 , 85.09 ,, 0.37 , 0.76 , (0.55), 0.57 , 0.43 ,,,1.4425%,,0.6909%,1,3.3988%,2.6166%,-7.0582%,,0.5317%,,0.2895%,,2.7068%,3.9769%,4.7413%,,1.1892%,,0.6502%,,0.7747%,4.1819%,5.3852%,,1,1,1,3
3/18/2025, 83.51 , 83.64 , 83.92 , 84.04 , 83.99 ,, (1.58), 0.13 , 0.28 , 0.12 , (0.05),,,0.5748%,,1.2387%,1,2.3547%,-0.0195%,-7.5391%,,0.4185%,,0.3685%,,2.6341%,1.6613%,3.8699%,,0.0834%,,0.0370%,,0.1111%,1.8529%,3.9332%,,1,1,1,3
3/19/2025, 84.43 , 82.68 , 83.12 , 83.67 , 84.42 ,, 0.44 , (1.75), 0.44 , 0.55 , 0.75 ,,,-0.0118%,,-0.7545%,1,3.6768%,-0.3937%,-7.2764%,,2.1045%,,1.5565%,,5.0880%,2.3352%,5.1881%,,1.5640%,,0.9447%,,1.3892%,2.2048%,3.5876%,,1,1,1,3
3/20/2025, 83.14 , 83.97 , 84.30 , 83.41 , 82.97 ,, (1.28), 0.83 , 0.33 , (0.89), (0.44),,,-0.2045%,,-0.5879%,1,1.2239%,-2.2843%,-6.8123%,,-1.1909%,,-0.9932%,,1.7859%,1.7429%,1.1546%,,-1.5777%,,-0.8910%,,-0.3058%,2.3481%,0.7177%,,1,1,1,3
3/21/2025, 81.64 , 82.24 , 83.55 , 83.20 , 83.13 ,, (1.33), 0.60 , 1.31 , (0.35), (0.07),,,1.8251%,,0.9847%,0,1.5719%,2.4349%,-1.8585%,,1.0822%,,0.3427%,,1.5640%,3.9993%,4.7603%,,-0.5027%,,-0.9497%,,-0.2088%,1.5631%,2.4940%,,1,0,1,2
3/24/2025, 85.67 , 83.16 , 86.17 , 86.53 , 87.51 ,, 2.54 , (2.51), 3.01 , 0.36 , 0.98 ,,,2.1478%,,1.5837%,0,2.4647%,5.8635%,0.3706%,,5.2309%,,5.0074%,,6.2819%,8.9887%,11.2666%,,1.5551%,,1.4731%,,0.6141%,1.3888%,3.1664%,,1,0,1,2
3/25/2025, 87.51 , 87.88 , 87.45 , 87.00 , 86.94 ,, -   , 0.37 , (0.43), (0.45), (0.06),,,-0.6514%,,-0.6618%,0,0.5642%,2.9189%,-3.9148%,,-1.0696%,,-1.1915%,,4.7220%,7.3560%,8.0952%,,-0.5832%,,-0.4738%,,0.1032%,0.2143%,0.0273%,,1,0,1,2
3/26/2025, 85.74 , 82.18 , 82.00 , 80.23 , 81.66 ,, (1.20), (3.56), (0.18), (1.77), 1.43 ,,,-4.7586%,,-3.6372%,0,-2.3185%,1.3583%,-8.4379%,,-0.6328%,,0.2197%,,3.3851%,8.4731%,7.3050%,,-0.4146%,,0.4050%,,-0.4365%,0.9527%,0.8917%,,0,0,1,1
3/27/2025, 80.25 , 79.74 , 81.02 , 79.53 , 78.96 ,, (1.41), (0.51), 1.28 , (1.49), (0.57),,,-1.6075%,,-1.5757%,0,-3.3064%,-2.0825%,-5.4980%,,-0.9782%,,-0.7442%,,3.6342%,5.4200%,6.6601%,,-2.5426%,,-1.8768%,,-1.4223%,-1.7281%,-0.8719%,,0,0,1,1
3/28/2025, 79.44 , 79.51 , 77.77 , 77.50 , 77.94 ,, 0.48 , 0.07 , (1.74), (0.27), 0.44 ,,,-1.8882%,,-0.1430%,0,-4.4340%,-2.8621%,-6.4741%,,-1.9746%,,-0.5064%,,2.7851%,4.3491%,5.7650%,,0.2186%,,0.7787%,,0.3062%,0.0973%,0.8882%,,0,0,1,1
3/31/2025, 75.22 , 75.67 , 75.93 , 76.69 , 77.48 ,, (2.72), 0.45 , 0.26 , 0.76 , 0.79 ,,,3.0045%,,1.3095%,0,-4.7082%,-2.2435%,0.3730%,,2.3920%,,0.6802%,,-1.5420%,4.7399%,8.7168%,,2.0414%,,0.6726%,,-0.4943%,0.1198%,4.3016%,,0,0,0,0
4/1/2025, 77.15 , 77.17 , 77.41 , 77.62 , 78.49 ,, (0.33), 0.02 , 0.24 , 0.21 , 0.87 ,,,1.7369%,,1.0947%,0,-2.9518%,-2.3876%,-2.4071%,,1.7105%,,1.0268%,,0.6762%,5.3982%,7.0594%,,1.3952%,,1.1611%,,1.1406%,1.2438%,3.0967%,,0,0,0,0
4/2/2025, 75.73 , 78.56 , 79.95 , 80.04 , 80.16 ,, (2.77), 2.84 , 1.39 , 0.09 , 0.12 ,,,5.8567%,,4.1271%,1,4.8126%,2.4940%,2.1003%,,2.0367%,,0.9771%,,1.4336%,4.8187%,7.1539%,,0.2627%,,-0.1928%,,0.5428%,0.1064%,2.3112%,,1,1,1,3
4/3/2025, 73.22 , 74.62 , 72.91 , 73.03 , 71.27 ,, (6.94), 1.40 , (1.71), 0.12 , (1.76),,,-2.6632%,,-1.2928%,1,5.0955%,1.7891%,-0.4952%,,-4.4894%,,-3.1534%,,-0.9757%,2.6585%,4.4014%,,-2.2493%,,-1.7773%,,0.6424%,-0.7799%,1.5682%,,1,1,1,3
4/4/2025, 67.52 , 66.46 , 64.32 , 66.11 , 64.37 ,, (3.75), (1.06), (2.14), 1.79 , (1.74),,,-4.6653%,,-1.1955%,1,4.0429%,-0.3911%,2.0438%,,-3.1447%,,0.2346%,,-0.2347%,2.5504%,6.5497%,,0.0777%,,2.0214%,,1.8851%,2.1912%,3.7543%,,1,1,1,3
4/7/2025, 59.80 , 65.36 , 67.80 , 67.49 , 68.17 ,, (4.57), 5.56 , 2.44 , (0.31), 0.68 ,,,13.9967%,,10.8568%,0,13.5902%,8.8820%,14.7454%,,4.2993%,,2.5119%,,1.5969%,0.0549%,9.0436%,,0.5457%,,0.8145%,,2.0270%,1.5327%,2.9215%,,1,1,0,2
4/8/2025, 72.64 , 73.30 , 72.48 , 71.03 , 69.50 ,, 4.47 , 0.66 , (0.82), (1.45), (1.53),,,-4.3227%,,2.4071%,1,14.9026%,11.9508%,14.8697%,,-5.1842%,,1.6759%,,2.2460%,2.9222%,10.2782%,,-4.1115%,,1.8961%,,2.7619%,3.9025%,4.1169%,,1,1,1,3
4/9/2025, 69.00 , 71.51 , 68.74 , 75.68 , 76.00 ,, (0.50), 2.51 , (2.77), 6.94 , 0.32 ,,,10.1449%,,0.0262%,0,10.8016%,15.6142%,16.9725%,,6.2788%,,-2.4278%,,-1.1589%,0.2747%,8.7478%,,10.5615%,,0.3914%,,3.3461%,3.8890%,4.8417%,,1,0,0,1
4/10/2025, 74.00 , 72.59 , 72.91 , 72.83 , 72.65 ,, (2.00), (1.41), 0.32 , (0.08), (0.18),,,-1.8243%,,-0.4206%,0,11.6738%,16.7693%,14.6869%,,0.0827%,,0.8955%,,2.8901%,1.9144%,7.3344%,,-0.3566%,,-0.0545%,,5.0689%,5.7113%,3.9832%,,1,0,0,1
4/11/2025, 72.99 , 72.15 , 71.87 , 72.92 , 72.67 ,, 0.34 , (0.84), (0.28), 1.05 , (0.25),,,-0.4384%,,-2.5359%,0,10.3335%,14.3764%,11.5143%,,0.7207%,,-0.7192%,,1.9362%,1.7015%,6.0507%,,1.1131%,,-0.9531%,,2.0944%,3.9795%,4.0768%,,1,0,0,1
4/14/2025, 76.50 , 74.51 , 74.79 , 73.53 , 73.59 ,, 3.83 , (1.99), 0.28 , (1.26), 0.06 ,,,-3.8039%,,-2.8702%,0,-3.3935%,10.1967%,7.9532%,,-1.2347%,,-0.9572%,,-1.5328%,0.0641%,4.8040%,,-1.6045%,,-0.9685%,,0.3114%,2.3384%,2.4582%,,0,0,0,0
4/15/2025, 73.17 , 73.16 , 72.98 , 72.85 , 73.20 ,, (0.42), (0.01), (0.18), (0.13), 0.35 ,,,0.0410%,,0.4023%,0,-5.3982%,9.5044%,7.1168%,,0.0547%,,0.7491%,,-2.4596%,-0.2136%,5.1845%,,0.3015%,,0.8305%,,-0.7541%,2.0078%,3.2516%,,0,0,0,0
4/16/2025, 69.13 , 71.93 , 72.41 , 71.06 , 71.87 ,, (4.08), 2.81 , 0.48 , (1.35), 0.81 ,,,3.9711%,,5.0902%,0,-0.3342%,10.4674%,12.9615%,,-0.0834%,,0.7073%,,0.6754%,-0.4835%,4.3352%,,-0.7458%,,0.4829%,,-0.6626%,2.6835%,2.7899%,,0,0,0,0
4/17/2025, 72.51 , 71.87 , 70.70 , 71.43 , 71.20 ,, 0.64 , (0.64), (1.17), 0.73 , (0.23),,,-1.8066%,,-1.5735%,0,-1.4871%,10.1867%,11.9758%,,-0.9322%,,-0.4916%,,-0.7117%,2.1784%,4.8369%,,0.7072%,,0.4539%,,-0.1542%,4.9147%,4.1348%,,0,0,0,0
4/21/2025, 68.68 , 68.38 , 67.62 , 66.67 , 67.67 ,, (2.52), (0.30), (0.76), (0.95), 1.00 ,,,-1.4706%,,-0.0737%,0,0.9751%,11.3086%,10.9174%,,-1.0383%,,-0.3369%,,-0.3293%,1.6069%,4.1573%,,0.0739%,,0.2100%,,1.0089%,3.1033%,5.2945%,,1,0,0,1
4/22/2025, 67.67 , 68.18 , 68.61 , 68.09 , 68.67 ,, -   , 0.51 , 0.43 , (0.52), 0.58 ,,,1.4778%,,0.1108%,0,3.9561%,0.5626%,9.4446%,,0.7187%,,-0.2948%,,0.3331%,-1.1997%,-1.1449%,,0.0875%,,-0.4043%,,1.5731%,1.8845%,3.4171%,,1,1,0,2
4/23/2025, 73.21 , 72.84 , 72.64 , 71.59 , 70.76 ,, 4.54 , (0.37), (0.20), (1.05), (0.83),,,-3.3465%,,-2.4195%,0,1.1342%,-4.2640%,7.6869%,,-2.8556%,,-1.3508%,,-1.7668%,-4.2264%,-1.3042%,,-2.5881%,,-1.2758%,,-0.5332%,-1.2873%,2.6152%,,1,1,0,2
4/24/2025, 71.56 , 73.92 , 74.34 , 75.40 , 75.29 ,, 0.80 , 2.36 , 0.42 , 1.06 , (0.11),,,5.2124%,,3.3548%,0,-0.6011%,-0.9353%,14.6789%,,1.8534%,,0.5169%,,-1.9572%,-1.2818%,-1.0070%,,1.2779%,,0.4963%,,-0.5199%,-1.1825%,2.7065%,,0,1,0,1
4/25/2025, 76.41 , 76.53 , 76.86 , 77.75 , 77.91 ,, 1.12 , 0.12 , 0.33 , 0.89 , 0.16 ,,,1.9631%,,1.2332%,0,2.2056%,0.7185%,17.4878%,,1.8032%,,0.7572%,,-0.7084%,-1.4200%,0.4944%,,1.3661%,,0.6030%,,-0.3708%,-0.5250%,5.1864%,,1,1,0,2
4/28/2025, 76.95 , 78.43 , 78.31 , 77.89 , 78.31 ,, (0.96), 1.48 , (0.12), (0.42), 0.42 ,,,1.7674%,,1.8490%,0,4.1283%,5.1034%,19.4798%,,-0.1530%,,-0.2711%,,-0.6426%,-0.9719%,0.7296%,,0.0000%,,-0.0745%,,-0.6552%,0.3537%,4.3332%,,1,0,0,1
4/29/2025, 79.41 , 79.75 , 79.91 , 80.35 , 80.73 ,, 1.10 , 0.34 , 0.16 , 0.44 , 0.38 ,,,1.6687%,,0.7159%,0,4.7334%,8.6895%,18.8862%,,1.2288%,,0.5896%,,0.2418%,0.5748%,0.6389%,,1.0262%,,0.8128%,,0.5618%,2.1349%,4.4733%,,1,0,0,1
4/30/2025, 78.07 , 79.07 , 79.94 , 80.98 , 82.27 ,, (2.66), 1.00 , 0.87 , 1.04 , 1.29 ,,,5.3798%,,4.1416%,0,11.2945%,12.4287%,21.9331%,,4.0470%,,1.7571%,,3.3497%,1.5829%,1.3693%,,2.9147%,,1.5654%,,3.4030%,2.8698%,4.8776%,,1,0,0,1
5/1/2025, 87.77 , 87.91 , 88.92 , 88.59 , 87.84 ,, 5.50 , 0.14 , 1.01 , (0.33), (0.75),,,0.0798%,,0.4206%,0,8.3602%,7.7592%,18.2266%,,-0.0796%,,-0.0098%,,2.8230%,0.8658%,0.3823%,,-1.2146%,,-0.3466%,,2.5602%,2.0403%,4.7239%,,1,1,0,2
5/2/2025, 89.10 , 90.61 , 90.61 , 91.66 , 91.02 ,, 1.26 , 1.51 , -   , 1.05 , (0.64),,,2.1549%,,1.7954%,0,8.9225%,11.1281%,21.3148%,,0.4525%,,-0.1046%,,1.9611%,1.2527%,3.4311%,,0.4525%,,0.2828%,,2.2400%,1.8692%,6.7840%,,1,0,0,1
5/5/2025, 89.70 , 91.13 , 91.13 , 91.10 , 90.38 ,, (1.32), 1.43 , -   , (0.03), (0.72),,,0.7581%,,0.5874%,0,7.6609%,11.7892%,23.0978%,,-0.8230%,,-0.9189%,,1.3133%,0.6707%,2.2776%,,-0.8230%,,-0.5628%,,1.7516%,1.0964%,4.1997%,,1,0,0,1
5/6/2025, 87.42 , 88.83 , 90.04 , 90.31 , 90.77 ,, (2.96), 1.41 , 1.21 , 0.27 , 0.46 ,,,3.8321%,,3.6761%,0,10.6212%,15.3546%,15.9172%,,2.1839%,,1.9328%,,2.6565%,2.8983%,1.6986%,,0.8108%,,1.1585%,,2.0974%,2.6592%,4.5437%,,1,0,0,1
5/7/2025, 85.88 , 84.55 , 84.53 , 84.53 , 86.45 ,, (4.89), (1.33), (0.02), -   , 1.92 ,,,0.6637%,,0.4709%,0,6.9505%,18.2450%,13.9810%,,2.2472%,,2.2882%,,3.1876%,6.5372%,2.3108%,,2.2714%,,1.9532%,,2.4852%,5.8882%,4.6008%,,1,0,0,1
5/8/2025, 87.52 , 87.47 , 87.51 , 88.35 , 87.27 ,, 1.07 , (0.05), 0.04 , 0.84 , (1.08),,,-0.2856%,,-0.2290%,0,6.3009%,14.6611%,13.7258%,,-0.2286%,,-0.3687%,,2.8287%,5.6517%,4.3699%,,-0.2743%,,-0.6866%,,2.1451%,4.7053%,3.5228%,,1,0,0,1
5/9/2025, 88.10 , 87.48 , 86.58 , 86.70 , 86.52 ,, 0.83 , (0.62), (0.90), 0.12 , (0.18),,,-1.7934%,,-1.4156%,0,3.0898%,12.0123%,12.7308%,,-1.0974%,,-0.6283%,,2.3051%,4.2662%,2.8461%,,-0.0693%,,-0.0303%,,1.8319%,4.0719%,3.5470%,,1,0,0,1
5/12/2025, 92.71 , 91.07 , 91.56 , 91.93 , 92.32 ,, 6.19 , (1.64), 0.49 , 0.37 , 0.39 ,,,-0.4207%,,-0.6563%,0,1.8461%,9.5070%,14.6104%,,1.3726%,,0.6728%,,3.8968%,5.2101%,4.2382%,,0.8301%,,0.1755%,,2.5703%,4.3219%,4.6756%,,1,0,0,1
5/13/2025, 92.53 , 94.30 , 95.20 , 96.91 , 97.25 ,, 0.21 , 1.77 , 0.90 , 1.71 , 0.34 ,,,5.1010%,,4.5183%,0,2.6882%,13.3094%,21.9989%,,3.1283%,,2.8669%,,4.8309%,7.4875%,8.0623%,,2.1534%,,2.1994%,,3.6111%,5.7085%,7.8434%,,1,0,0,1
5/14/2025, 99.15 , 96.41 , 97.84 , 97.92 , 98.22 ,, 1.90 , (2.74), 1.43 , 0.08 , 0.30 ,,,-0.9380%,,-0.8954%,0,1.3219%,8.2724%,20.7011%,,1.8774%,,1.8723%,,4.4151%,7.6026%,9.1855%,,0.3884%,,0.3850%,,2.0429%,4.5281%,7.3979%,,1,0,0,1
5/15/2025, 95.34 , 95.28 , 95.77 , 96.22 , 96.07 ,, (2.88), (0.06), 0.49 , 0.45 , (0.15),,,0.7657%,,-0.0626%,0,1.4883%,7.7892%,15.5483%,,0.8291%,,0.1006%,,4.8844%,7.7131%,8.5789%,,0.3133%,,-0.3294%,,2.4001%,4.5452%,6.5856%,,1,0,0,1
5/16/2025, 96.62 , 96.14 , 95.93 , 95.83 , 96.42 ,, 0.55 , (0.48), (0.21), (0.10), 0.59 ,,,-0.2070%,,-0.7059%,0,2.1980%,5.2878%,16.4159%,,0.2912%,,-0.1890%,,5.3237%,7.6287%,8.8815%,,0.5108%,,-0.1226%,,2.3079%,4.1398%,6.0090%,,1,0,0,1
5/19/2025, 94.43 , 95.87 , 95.86 , 96.62 , 96.70 ,, (1.99), 1.44 , (0.01), 0.76 , 0.08 ,,,2.4039%,,1.2408%,0,4.0951%,5.9412%,17.7305%,,0.8658%,,0.2400%,,4.8908%,8.7876%,9.4583%,,0.8763%,,0.3814%,,2.5137%,5.0840%,6.1804%,,1,0,0,1
5/20/2025, 95.58 , 95.46 , 94.97 , 95.38 , 95.67 ,, (1.12), (0.12), (0.49), 0.41 , 0.29 ,,,0.0942%,,0.1380%,0,-0.2851%,2.4031%,17.7577%,,0.2200%,,0.2217%,,2.2456%,7.0765%,9.9748%,,0.7371%,,0.7607%,,1.0750%,4.6862%,7.3454%,,0,0,0,0
5/21/2025, 92.77 , 94.54 , 94.84 , 93.72 , 92.43 ,, (2.90), 1.77 , 0.30 , (1.12), (1.29),,,-0.3665%,,0.5648%,0,1.1751%,2.4970%,20.7419%,,-2.2319%,,-1.0654%,,-0.6922%,3.7229%,10.2601%,,-2.5411%,,-1.2392%,,-0.5491%,1.4938%,7.3820%,,1,0,0,1
5/22/2025, 92.43 , 93.18 , 92.90 , 93.12 , 92.56 ,, -   , 0.75 , (0.28), 0.22 , (0.56),,,0.1406%,,0.0668%,0,1.3045%,2.7928%,17.4539%,,-0.6654%,,-0.4788%,,-1.2716%,3.6128%,9.2645%,,-0.3660%,,-0.3986%,,-0.6183%,1.7818%,6.4871%,,1,0,0,1
5/23/2025, 90.00 , 90.49 , 90.93 , 91.47 , 91.20 ,, (2.56), 0.49 , 0.44 , 0.54 , (0.27),,,1.3333%,,0.7899%,0,2.8004%,4.9984%,17.0107%,,0.7846%,,0.3789%,,-0.7037%,4.6200%,8.8861%,,0.2969%,,-0.0479%,,-0.5436%,1.7643%,5.8362%,,1,0,0,1
5/27/2025, 92.90 , 92.88 , 92.33 , 92.97 , 92.49 ,, 1.70 , (0.02), (0.55), 0.64 , (0.48),,,-0.4413%,,-1.2928%,0,0.2668%,4.3619%,13.8689%,,-0.4199%,,-1.2610%,,-2.2047%,2.6861%,7.8963%,,0.1733%,,-0.3403%,,-1.2652%,1.2485%,5.5704%,,1,0,0,1
5/28/2025, 93.09 , 92.38 , 92.46 , 93.22 , 92.79 ,, 0.60 , (0.71), 0.08 , 0.76 , (0.43),,,-0.3223%,,0.3286%,0,0.4573%,0.1722%,13.4816%,,0.4438%,,0.9652%,,-1.4612%,0.7844%,8.2718%,,0.3569%,,0.6335%,,-1.3924%,-0.3174%,5.3911%,,1,1,0,2
5/29/2025, 90.70 , 88.55 , 87.84 , 87.27 , 86.37 ,, (2.09), (2.15), (0.71), (0.57), (0.90),,,-4.7740%,,-4.2580%,0,-4.3655%,-3.1904%,5.0820%,,-2.4619%,,-2.2538%,,-2.6496%,-3.3418%,4.2609%,,-1.6735%,,-1.5161%,,-1.6694%,-2.2185%,2.3096%,,0,0,0,0
5/30/2025, 85.94 , 84.28 , 85.48 , 85.00 , 86.64 ,, (0.43), (1.66), 1.20 , (0.48), 1.64 ,,,0.8145%,,0.7364%,0,-3.6959%,-2.3914%,5.3978%,,2.8002%,,2.4084%,,0.2376%,-1.0340%,6.6791%,,1.3570%,,1.2381%,,-0.0327%,-0.6510%,3.8943%,,0,0,0,0
6/2/2025, 86.31 , 86.91 , 87.72 , 88.77 , 89.78 ,, (0.33), 0.60 , 0.81 , 1.05 , 1.01 ,,,4.0204%,,3.1884%,0,-1.2974%,1.5030%,6.7908%,,3.3023%,,2.3139%,,2.1727%,1.4690%,9.0977%,,2.3484%,,1.7850%,,1.8003%,1.2567%,5.3965%,,0,0,0,0
6/3/2025, 90.46 , 91.69 , 93.33 , 94.32 , 94.50 ,, 0.68 , 1.23 , 1.64 , 0.99 , 0.18 ,,,4.4661%,,3.8296%,0,3.8250%,4.0917%,10.0330%,,3.0647%,,2.4367%,,5.8704%,3.6657%,12.4533%,,1.2536%,,0.9609%,,3.1014%,1.8362%,6.9202%,,1,0,0,1
6/4/2025, 94.77 , 95.52 , 96.03 , 95.11 , 94.94 ,, 0.27 , 0.75 , 0.51 , (0.92), (0.17),,,0.1794%,,0.3569%,0,3.8534%,4.3107%,6.7138%,,-0.6072%,,-0.3277%,,4.5775%,3.1163%,10.1928%,,-1.1351%,,-0.8639%,,1.6040%,0.2116%,4.8977%,,1,0,0,1
6/5/2025, 95.65 , 94.50 , 95.49 , 95.78 , 95.18 ,, 0.71 , (1.15), 0.99 , 0.29 , (0.60),,,-0.4914%,,0.2817%,1,8.3931%,4.0276%,6.5245%,,0.7196%,,0.9350%,,7.7663%,5.1167%,8.8396%,,-0.3246%,,0.3919%,,3.5120%,1.8427%,3.3364%,,1,1,1,3
6/6/2025, 96.11 , 95.97 , 96.92 , 97.31 , 97.25 ,, 0.93 , (0.14), 0.95 , 0.39 , (0.06),,,1.1861%,,1.1210%,1,8.7776%,5.0817%,7.8746%,,1.3338%,,1.5420%,,6.8999%,7.1375%,10.7503%,,0.3405%,,0.3822%,,2.6561%,2.6234%,4.4053%,,1,1,1,3
6/9/2025, 97.98 , 97.93 , 98.11 , 97.17 , 96.80 ,, 0.73 , (0.05), 0.18 , (0.94), (0.37),,,-1.2043%,,-1.1776%,0,4.4116%,3.1142%,8.1126%,,-1.1539%,,-1.2658%,,3.3202%,5.4928%,10.1128%,,-1.3352%,,-1.3436%,,-0.4725%,1.3277%,3.0920%,,1,1,0,2
6/10/2025, 97.00 , 95.88 , 94.32 , 92.50 , 93.70 ,, 0.20 , (1.12), (1.56), (1.82), 1.20 ,,,-3.4021%,,-3.8752%,0,-3.2932%,0.5317%,4.8936%,,-2.2737%,,-2.6883%,,-1.8048%,4.0655%,6.7517%,,-0.6573%,,-0.9901%,,-2.4235%,0.6779%,1.9264%,,0,0,0,0
6/11/2025, 92.73 , 92.93 , 93.66 , 93.84 , 94.21 ,, (0.98), 0.21 , 0.73 , 0.18 , 0.37 ,,,1.6015%,,2.0633%,0,-1.5869%,2.2665%,2.4386%,,1.3774%,,1.7501%,,0.2730%,4.8505%,5.6349%,,0.5872%,,1.1330%,,-0.4266%,1.1774%,0.8600%,,0,0,0,0
6/12/2025, 94.30 , 96.28 , 96.73 , 96.31 , 95.77 ,, 0.09 , 1.98 , 0.45 , (0.42), (0.54),,,1.5589%,,0.9405%,0,-0.9281%,7.4650%,4.2746%,,-0.5297%,,-1.0207%,,-1.6827%,6.0836%,2.7418%,,-0.9925%,,-1.1717%,,-1.9902%,1.5219%,-0.6967%,,0,0,0,0
6/13/2025, 94.50 , 94.10 , 93.59 , 93.41 , 92.35 ,, (1.27), (0.40), (0.51), (0.18), (1.06),,,-2.2751%,,-2.0162%,0,-4.0652%,4.7124%,2.3211%,,-1.8597%,,-1.6591%,,-4.8838%,2.0161%,0.9821%,,-1.3249%,,-0.9594%,,-3.3318%,-0.6757%,-1.3267%,,0,0,0,0
6/16/2025, 92.70 , 93.97 , 94.80 , 94.67 , 95.09 ,, 0.35 , 1.27 , 0.83 , (0.13), 0.42 ,,,2.5782%,,2.1935%,0,-0.6941%,3.7175%,5.2205%,,1.1919%,,1.2482%,,-2.3698%,0.9504%,2.4194%,,0.3059%,,0.5063%,,-1.4819%,-1.9544%,-0.6978%,,0,0,0,0
6/17/2025, 94.30 , 93.94 , 92.97 , 90.76 , 89.68 ,, (0.79), (0.36), (0.97), (2.21), (1.08),,,-4.8993%,,-4.4561%,0,-1.2749%,-4.5682%,-0.4765%,,-4.5348%,,-3.9823%,,-3.6638%,-5.4686%,-1.8029%,,-3.5388%,,-3.0508%,,-3.5427%,-5.9662%,-4.1300%,,0,1,0,1
6/18/2025, 89.88 , 90.38 , 90.73 , 90.78 , 90.24 ,, 0.20 , 0.50 , 0.35 , 0.05 , (0.54),,,0.4005%,,0.5648%,0,-2.7735%,-4.3604%,-0.0497%,,-0.1549%,,0.1213%,,-5.2926%,-5.0195%,-1.9032%,,-0.5401%,,0.0225%,,-4.6532%,-5.0797%,-4.8682%,,0,1,0,1
6/20/2025, 90.84 , 87.75 , 86.54 , 86.53 , 86.25 ,, 0.60 , (3.09), (1.21), (0.01), (0.28),,,-5.0528%,,-4.3610%,0,-8.0750%,-9.0030%,-4.9754%,,-1.7094%,,-1.1888%,,-5.4606%,-7.1433%,-2.0266%,,-0.3351%,,-0.3116%,,-3.7930%,-5.7832%,-3.9406%,,0,1,0,1
6/23/2025, 86.44 , 89.67 , 90.89 , 91.85 , 91.96 ,, 0.19 , 3.23 , 1.22 , 0.96 , 0.11 ,,,6.3859%,,5.5305%,0,-0.5283%,-4.5935%,0.4883%,,2.5538%,,1.9706%,,-1.8309%,-6.7147%,0.4228%,,1.1772%,,0.5636%,,-2.2700%,-5.6018%,-2.9783%,,0,1,0,1
6/24/2025, 94.65 , 93.34 , 93.14 , 94.06 , 94.96 ,, 2.69 , (1.31), (0.20), 0.92 , 0.90 ,,,0.3275%,,-0.0762%,0,-2.7980%,-3.4921%,-0.3779%,,1.7356%,,1.2853%,,-1.7939%,-4.1636%,1.3292%,,1.9540%,,1.6532%,,-1.1231%,-2.6050%,-1.2773%,,0,1,0,1
6/25/2025, 95.64 , 94.62 , 94.97 , 95.80 , 96.35 ,, 0.68 , (1.02), 0.35 , 0.83 , 0.55 ,,,0.7424%,,0.8723%,1,2.5304%,1.2555%,1.7872%,,1.8284%,,1.9994%,,4.1878%,0.5240%,4.5896%,,1.4531%,,1.5584%,,3.4862%,-0.0565%,0.6214%,,1,1,1,3
6/26/2025, 97.33 , 99.73 , 101.11 , 101.23 , 101.59 ,, 0.98 , 2.40 , 1.38 , 0.12 , 0.36 ,,,4.3769%,,3.9007%,1,5.8663%,3.0929%,5.3593%,,1.8650%,,1.4103%,,5.4767%,0.1842%,5.0347%,,0.4747%,,0.2257%,,3.6894%,-0.9638%,0.2136%,,1,1,1,3
6/27/2025, 101.65 , 100.92 , 100.79 , 100.27 , 99.39 ,, 0.06 , (0.73), (0.13), (0.52), (0.88),,,-2.2233%,,-2.5545%,1,7.6727%,-0.4022%,7.0628%,,-1.5161%,,-1.6056%,,5.0599%,-0.4007%,5.6830%,,-1.3890%,,-1.4053%,,2.5956%,-1.1974%,0.3244%,,1,1,1,3
6/30/2025, 102.00 , 102.12 , 102.10 , 102.84 , 102.33 ,, 2.61 , 0.12 , (0.02), 0.74 , (0.51),,,0.3235%,,0.2425%,0,2.3848%,1.8565%,6.5689%,,0.2056%,,-0.0296%,,3.0598%,1.2289%,3.2449%,,0.2253%,,-0.0783%,,1.9537%,-0.3163%,-0.9920%,,1,1,0,2
7/1/2025, 102.31 , 101.39 , 98.77 , 99.01 , 98.93 ,, (0.02), (0.92), (2.62), 0.24 , (0.08),,,-3.3037%,,-3.4984%,0,-1.0374%,-3.8354%,-0.1179%,,-2.4263%,,-2.4733%,,-0.6988%,-2.4926%,-1.5423%,,0.1620%,,-0.0099%,,0.2906%,-0.8325%,-2.7870%,,0,1,0,1
7/2/2025, 98.12 , 99.23 , 99.85 , 99.11 , 101.09 ,, (0.81), 1.11 , 0.62 , (0.74), 1.98 ,,,3.0269%,,2.5166%,0,0.6069%,3.1373%,-1.4309%,,1.8744%,,1.3755%,,-1.3226%,2.8651%,-2.6035%,,1.2419%,,0.9752%,,-0.2926%,3.1935%,-2.7726%,,1,0,1,2
7/3/2025, 101.33 , 102.67 , 102.07 , 102.52 , 102.52 ,, 0.24 , 1.34 , (0.60), 0.45 , -   ,,,1.1744%,,0.7069%,0,-2.5869%,3.2794%,-1.0810%,,-0.1461%,,-0.3528%,,-3.0857%,2.3910%,-2.6285%,,0.4409%,,0.4313%,,-0.0871%,3.6023%,-1.4774%,,0,0,0,0
7/7/2025, 101.80 , 101.47 , 101.83 , 101.00 , 101.48 ,, (0.72), (0.33), 0.36 , (0.83), 0.48 ,,,-0.3143%,,0.0995%,0,0.0672%,7.7399%,-1.2631%,,0.0099%,,0.4700%,,-1.0101%,4.0498%,-3.0934%,,-0.3437%,,-0.1219%,,1.1963%,3.7920%,-1.9913%,,1,0,1,2
7/8/2025, 103.04 , 101.72 , 101.59 , 103.07 , 103.40 ,, 1.56 , (1.32), (0.13), 1.48 , 0.33 ,,,0.3494%,,0.5168%,0,0.3414%,2.7261%,-1.8674%,,1.6516%,,1.7080%,,0.7275%,3.7873%,-2.9274%,,1.7817%,,1.8010%,,3.0756%,5.0293%,-0.5724%,,1,0,1,2
7/9/2025, 103.85 , 105.58 , 103.96 , 106.70 , 106.28 ,, 0.45 , 1.73 , (1.62), 2.74 , (0.42),,,2.3399%,,2.1328%,1,5.9725%,4.9351%,1.4431%,,0.6630%,,0.6934%,,3.8942%,3.1954%,-0.9682%,,2.2316%,,1.8100%,,4.8956%,5.1862%,2.5812%,,1,1,1,3
7/10/2025, 106.10 , 104.86 , 103.86 , 106.25 , 106.32 ,, (0.18), (1.24), (1.00), 2.39 , 0.07 ,,,0.2074%,,-0.0554%,0,3.4006%,4.0074%,5.2629%,,1.3923%,,0.9993%,,3.5180%,2.1953%,2.7194%,,2.3686%,,2.2133%,,6.1338%,5.8411%,5.7846%,,1,0,0,1
7/11/2025, 106.23 , 107.91 , 108.77 , 108.08 , 108.57 ,, (0.09), 1.68 , 0.86 , (0.69), 0.49 ,,,2.2028%,,2.0615%,0,4.7551%,2.1682%,5.2611%,,0.6116%,,0.5490%,,4.4198%,1.3341%,1.5183%,,-0.1839%,,-0.1454%,,5.5571%,5.4700%,4.5062%,,1,1,0,2
7/14/2025, 108.22 , 107.23 , 108.37 , 108.08 , 108.39 ,, (0.35), (0.99), 1.14 , (0.29), 0.31 ,,,0.1571%,,-0.0965%,0,4.5591%,4.6263%,4.2241%,,1.0818%,,0.7493%,,4.6991%,3.6890%,3.2884%,,0.0185%,,-0.1836%,,5.4953%,6.6917%,5.4943%,,1,0,1,2
7/15/2025, 108.50 , 107.99 , 107.43 , 107.59 , 107.37 ,, 0.11 , (0.51), (0.56), 0.16 , (0.22),,,-1.0415%,,-0.1809%,0,3.8614%,4.2028%,6.0593%,,-0.5741%,,-0.0099%,,2.9812%,3.7087%,4.9376%,,-0.0559%,,0.2279%,,3.9222%,6.9978%,6.6815%,,1,0,0,1
7/16/2025, 107.35 , 106.42 , 106.49 , 106.77 , 108.31 ,, (0.02), (0.93), 0.07 , 0.28 , 1.54 ,,,0.8943%,,0.8237%,0,2.5524%,8.5249%,4.6895%,,1.7760%,,1.4432%,,3.7310%,7.6252%,5.1326%,,1.7091%,,1.3860%,,3.4982%,8.3938%,7.5613%,,1,0,0,1
7/17/2025, 108.22 , 111.03 , 110.69 , 111.69 , 112.04 ,, (0.09), 2.81 , (0.34), 1.00 , 0.35 ,,,3.5298%,,2.9565%,0,5.5643%,8.9648%,12.1021%,,0.9097%,,0.5581%,,3.2898%,6.8078%,9.6729%,,1.2196%,,0.8729%,,2.1577%,8.2915%,11.4850%,,1,0,0,1
7/18/2025, 112.61 , 112.10 , 111.44 , 112.11 , 111.83 ,, 0.57 , (0.51), (0.66), 0.67 , (0.28),,,-0.6927%,,-0.4193%,0,3.0835%,7.8386%,11.1180%,,-0.2409%,,-0.0722%,,2.6685%,7.0884%,9.4794%,,0.3500%,,0.2782%,,2.5813%,8.1384%,11.7407%,,1,0,0,1
7/21/2025, 111.75 , 111.85 , 112.53 , 112.63 , 111.68 ,, (0.08), 0.10 , 0.68 , 0.10 , (0.95),,,-0.0626%,,-0.0610%,0,3.1189%,7.6780%,15.4179%,,-0.1520%,,0.1351%,,2.0542%,6.7534%,10.8032%,,-0.7554%,,-0.3972%,,2.3677%,7.8631%,11.6551%,,1,0,0,1
7/22/2025, 111.61 , 107.20 , 109.87 , 109.52 , 109.78 ,, (0.07), (4.41), 2.67 , (0.35), 0.26 ,,,-1.6396%,,-1.6015%,0,1.6984%,5.5598%,8.2859%,,2.4067%,,2.0909%,,4.1550%,7.1363%,10.9235%,,-0.0819%,,-0.2268%,,1.9131%,5.8352%,10.8646%,,1,0,0,1
7/23/2025, 111.13 , 112.13 , 112.73 , 112.23 , 113.10 ,, 1.35 , 1.00 , 0.60 , (0.50), 0.87 ,,,1.7727%,,1.3594%,0,2.2341%,4.7864%,9.7216%,,0.8651%,,0.2047%,,2.9165%,6.6476%,9.8430%,,0.3282%,,-0.2204%,,0.3067%,3.8048%,8.9910%,,1,0,0,1
7/24/2025, 114.00 , 113.50 , 114.02 , 114.08 , 114.04 ,, 0.90 , (0.50), 0.52 , 0.06 , (0.04),,,0.0351%,,0.0619%,0,-0.6606%,4.9037%,8.9111%,,0.4758%,,0.5765%,,2.9350%,6.2248%,8.4201%,,0.0175%,,0.1875%,,-0.3787%,1.7790%,7.6201%,,0,0,0,0
7/25/2025, 113.75 , 114.56 , 114.67 , 115.03 , 114.29 ,, (0.29), 0.81 , 0.11 , 0.36 , (0.74),,,0.4747%,,0.1693%,0,-0.0720%,3.0115%,5.1797%,,-0.2357%,,-0.5175%,,2.4897%,5.1583%,6.4924%,,-0.3314%,,-0.5201%,,-1.1770%,1.4043%,6.8743%,,0,0,0,0
7/28/2025, 115.00 , 115.91 , 115.57 , 116.65 , 117.55 ,, 0.71 , 0.91 , (0.34), 1.08 , 0.90 ,,,2.2174%,,2.3052%,0,2.2943%,5.4132%,10.0395%,,1.4149%,,1.4980%,,3.8527%,5.9070%,9.5960%,,1.7132%,,1.7948%,,1.0150%,3.3827%,10.0744%,,1,0,0,1
7/29/2025, 118.00 , 119.63 , 118.67 , 119.48 , 118.65 ,, 0.45 , 1.63 , (0.96), 0.81 , (0.83),,,0.5508%,,1.0380%,0,4.9338%,6.6322%,10.8350%,,-0.8192%,,-0.3975%,,1.3643%,5.5194%,9.2281%,,-0.0169%,,0.2187%,,1.4605%,3.3736%,10.3714%,,1,0,0,1
7/30/2025, 119.63 , 121.76 , 121.68 , 121.75 , 122.11 ,, 0.98 , 2.13 , (0.08), 0.07 , 0.36 ,,,2.0731%,,2.2979%,0,5.8723%,8.1064%,16.6313%,,0.2875%,,0.4841%,,1.6437%,4.5602%,12.1854%,,0.3534%,,0.6284%,,2.3094%,2.6160%,11.0098%,,1,0,0,1
7/31/2025, 124.54 , 124.95 , 124.86 , 124.23 , 123.22 ,, 2.43 , 0.41 , (0.09), (0.63), (1.01),,,-1.0599%,,0.0942%,0,5.9047%,5.2441%,14.2089%,,-1.3846%,,-0.2490%,,0.8181%,3.7531%,10.5609%,,-1.3135%,,-0.6019%,,1.5200%,1.1413%,9.4327%,,1,1,0,2
8/1/2025, 117.83 , 115.89 , 117.09 , 116.16 , 117.57 ,, (5.39), (1.94), 1.20 , (0.93), 1.41 ,,,-0.2207%,,0.5106%,0,6.2460%,6.1741%,14.0127%,,1.4497%,,1.4110%,,2.7466%,5.2364%,12.3247%,,0.4099%,,0.4485%,,2.4886%,1.3116%,9.4500%,,1,1,0,2
8/4/2025, 117.57 , 119.34 , 119.83 , 120.34 , 120.34 ,, -   , 1.77 , 0.49 , 0.51 , -   ,,,2.3560%,,1.4898%,0,5.4306%,7.7249%,15.4029%,,0.8379%,,0.5073%,,1.7558%,5.6086%,12.3620%,,0.4256%,,0.1220%,,0.8158%,1.8308%,9.6939%,,1,0,0,1
8/5/2025, 121.50 , 120.29 , 117.57 , 119.45 , 118.29 ,, 1.16 , (1.21), (2.72), 1.88 , (1.16),,,-2.6420%,,-2.0421%,0,2.3504%,7.2843%,12.8441%,,-1.6626%,,-1.0455%,,1.1079%,2.4722%,9.6085%,,0.6124%,,0.5981%,,1.1952%,2.6557%,8.4910%,,1,0,0,1
8/6/2025, 133.79 , 136.00 , 138.55 , 139.10 , 138.87 ,, 15.50 , 2.21 , 2.55 , 0.55 , (0.23),,,3.7970%,,3.2215%,0,3.2740%,9.1464%,13.9328%,,2.1103%,,1.5156%,,2.1395%,3.7831%,10.4307%,,0.2310%,,-0.0528%,,0.5140%,2.8233%,6.6282%,,1,0,0,1
8/7/2025, 139.08 , 139.32 , 138.98 , 137.46 , 139.33 ,, 0.21 , 0.24 , (0.34), (1.52), 1.87 ,,,0.1798%,,0.8147%,0,3.9946%,9.8992%,14.8029%,,0.0072%,,0.6796%,,3.0681%,3.8862%,10.1110%,,0.2518%,,0.3340%,,1.4499%,2.9699%,4.7488%,,1,0,0,1
8/8/2025, 139.60 , 138.21 , 139.71 , 137.61 , 139.21 ,, 0.27 , (1.39), 1.50 , (2.10), 1.60 ,,,-0.2794%,,-0.7651%,0,2.7188%,8.9648%,11.9763%,,0.7235%,,0.5207%,,2.1777%,4.9243%,10.0826%,,-0.3579%,,-0.5686%,,0.4327%,2.9213%,4.3256%,,1,0,0,1
8/11/2025, 137.75 , 141.31 , 139.12 , 138.59 , 137.64 ,, (1.46), 3.56 , (2.19), (0.53), (0.95),,,-0.0799%,,0.1758%,0,1.4049%,6.8354%,12.2487%,,-2.5971%,,-2.3054%,,-0.6350%,1.1209%,7.0278%,,-1.0638%,,-0.9146%,,-0.6040%,0.2119%,3.5946%,,1,0,0,1
8/12/2025, 138.54 , 139.84 , 138.85 , 140.27 , 141.22 ,, 0.90 , 1.30 , (0.99), 1.42 , 0.95 ,,,1.9345%,,1.2530%,0,4.6999%,7.0504%,13.6825%,,0.9868%,,0.1553%,,0.5657%,1.6736%,7.1930%,,1.7069%,,1.2755%,,0.0735%,1.2687%,4.6423%,,1,0,0,1
8/13/2025, 141.27 , 139.69 , 138.16 , 137.17 , 137.97 ,, 0.05 , (1.58), (1.53), (0.99), 0.80 ,,,-2.3360%,,-2.3313%,0,-0.8529%,2.4211%,10.5275%,,-1.2313%,,-1.0703%,,-2.0202%,0.1193%,4.6795%,,-0.1375%,,-0.3006%,,-0.1743%,0.3396%,2.9557%,,0,0,0,0
8/14/2025, 136.63 , 137.26 , 136.89 , 136.25 , 136.41 ,, (1.34), 0.63 , (0.37), (0.64), 0.16 ,,,-0.1610%,,-0.4955%,0,-2.1631%,1.8314%,7.0755%,,-0.6193%,,-0.7621%,,-3.4619%,-0.3938%,3.3593%,,-0.3506%,,-0.3817%,,-0.8900%,0.5599%,1.7011%,,0,0,0,0
8/15/2025, 136.34 , 136.90 , 138.03 , 136.35 , 137.30 ,, (0.07), 0.56 , 1.13 , (1.68), 0.95 ,,,0.7041%,,1.0989%,0,-0.2991%,2.4197%,8.5937%,,0.2922%,,0.3947%,,-3.5879%,-1.4102%,3.8261%,,-0.5289%,,-0.5071%,,-0.8285%,-0.3958%,0.9158%,,0,0,0,0
8/18/2025, 136.42 , 135.46 , 136.32 , 136.93 , 137.99 ,, (0.88), (0.96), 0.86 , 0.61 , 1.06 ,,,1.1509%,,1.0871%,0,0.6121%,2.0170%,9.7419%,,1.8677%,,1.7837%,,0.5012%,-0.1338%,5.4748%,,1.2251%,,1.2188%,,1.3050%,0.7010%,2.5318%,,1,0,0,1
8/19/2025, 137.00 , 136.47 , 134.56 , 133.61 , 132.74 ,, (0.99), (0.53), (1.91), (0.95), (0.87),,,-3.1095%,,-2.5886%,0,-3.2294%,1.4705%,8.7548%,,-2.7332%,,-2.2510%,,-1.9050%,-1.3393%,1.1329%,,-1.3526%,,-1.1264%,,-1.0970%,-1.0235%,1.6323%,,0,0,0,0
8/20/2025, 131.30 , 129.25 , 128.10 , 130.06 , 131.44 ,, (1.44), (2.05), (1.15), 1.96 , 1.38 ,,,0.1066%,,0.3146%,0,-0.5835%,-1.4364%,7.7100%,,1.6944%,,1.2726%,,0.4378%,-1.5823%,2.2008%,,2.6073%,,1.8669%,,1.0705%,0.8962%,3.7195%,,0,1,0,1
8/21/2025, 130.67 , 130.26 , 131.60 , 131.48 , 132.05 ,, (0.77), (0.41), 1.34 , (0.12), 0.57 ,,,1.0561%,,1.1708%,0,1.0828%,-1.0803%,8.8189%,,1.3742%,,1.3080%,,2.5080%,-0.9539%,2.9323%,,0.3419%,,0.5931%,,2.0452%,1.1552%,4.1251%,,1,1,0,2
8/22/2025, 130.70 , 131.94 , 133.90 , 132.79 , 133.25 ,, (1.35), 1.24 , 1.96 , (1.11), 0.46 ,,,1.9510%,,0.7688%,0,0.7527%,0.4536%,9.4184%,,0.9929%,,-0.0864%,,2.0270%,-1.5610%,3.3634%,,-0.4854%,,-0.4312%,,2.1211%,1.2926%,4.2140%,,1,1,0,2
8/25/2025, 133.58 , 131.81 , 132.84 , 133.15 , 133.04 ,, 0.33 , (1.77), 1.03 , 0.31 , (0.11),,,-0.4043%,,-0.1605%,0,-0.4948%,0.1173%,6.9527%,,0.9332%,,1.2234%,,1.4667%,1.9679%,3.0887%,,0.1506%,,0.4532%,,1.3554%,2.6604%,2.8723%,,0,0,0,0
8/26/2025, 132.79 , 134.13 , 134.18 , 133.26 , 134.26 ,, (0.25), 1.34 , 0.05 , (0.92), 1.00 ,,,1.1070%,,0.6508%,0,2.7445%,-0.4849%,6.5654%,,0.0969%,,-0.3046%,,3.4131%,1.5080%,3.1816%,,0.0596%,,-0.3200%,,2.1618%,1.0648%,2.3335%,,1,1,0,2
8/27/2025, 134.24 , 134.00 , 133.95 , 133.59 , 133.17 ,, (0.02), (0.24), (0.05), (0.36), (0.42),,,-0.7971%,,-1.1151%,0,1.3148%,0.7313%,3.1524%,,-0.6194%,,-0.8162%,,1.3243%,1.7621%,1.8814%,,-0.5823%,,-0.6504%,,-0.3554%,0.7151%,1.0547%,,1,1,0,2
8/28/2025, 131.50 , 133.92 , 134.98 , 135.66 , 136.24 ,, (1.67), 2.42 , 1.06 , 0.68 , 0.58 ,,,3.6046%,,3.3496%,0,3.4936%,4.5764%,6.4078%,,1.7324%,,1.2757%,,1.2919%,3.7999%,3.4061%,,0.9335%,,0.6243%,,-0.3242%,1.7210%,2.2809%,,1,0,0,1
8/29/2025, 135.51 , 136.18 , 134.68 , 135.92 , 136.55 ,, (0.73), 0.67 , (1.50), 1.24 , 0.63 ,,,0.7675%,,1.1412%,0,3.8660%,4.6188%,7.0384%,,0.2717%,,0.3430%,,1.7212%,3.7482%,2.3380%,,1.3885%,,1.1974%,,1.3045%,3.4256%,3.0298%,,1,0,0,1
9/2/2025, 132.41 , 133.88 , 134.56 , 136.26 , 135.86 ,, (4.14), 1.47 , 0.68 , 1.70 , (0.40),,,2.6055%,,2.1648%,0,6.1913%,5.6964%,7.7134%,,1.4789%,,1.2849%,,1.7827%,3.2494%,3.1156%,,0.9661%,,0.5490%,,1.4003%,2.7557%,3.4567%,,1,1,0,2
9/3/2025, 135.68 , 136.60 , 136.97 , 137.45 , 137.40 ,, (0.18), 0.92 , 0.37 , 0.48 , (0.05),,,1.2677%,,1.1168%,0,6.6573%,9.4018%,10.8723%,,0.5857%,,0.3208%,,2.4082%,5.8212%,4.4819%,,0.3139%,,0.3652%,,2.0855%,4.2473%,3.2238%,,1,0,0,1
9/4/2025, 138.93 , 139.83 , 140.51 , 140.91 , 141.22 ,, 1.53 , 0.90 , 0.68 , 0.40 , 0.31 ,,,1.6483%,,0.9391%,0,8.7115%,10.0263%,8.5899%,,0.9941%,,0.3521%,,3.5764%,4.9007%,3.3183%,,0.5053%,,-0.0136%,,2.7223%,2.3669%,3.2630%,,1,0,1,2
9/5/2025, 144.13 , 142.26 , 141.22 , 143.04 , 142.91 ,, 2.91 , (1.87), (1.04), 1.82 , (0.13),,,-0.8465%,,-0.1956%,0,5.1663%,8.6598%,7.5795%,,0.4569%,,1.0452%,,3.3459%,4.6378%,3.6839%,,1.1967%,,0.7155%,,2.8135%,2.4893%,3.6445%,,1,0,0,1
9/8/2025, 143.80 , 142.15 , 141.51 , 141.91 , 140.10 ,, 0.89 , (1.65), (0.64), 0.40 , (1.81),,,-2.5730%,,-2.6008%,0,1.4243%,5.2903%,5.7439%,,-1.4421%,,-1.5085%,,1.4945%,3.2157%,1.6548%,,-0.9964%,,-0.9071%,,0.7089%,2.0134%,3.3060%,,1,0,0,1
9/9/2025, 140.97 , 142.10 , 141.78 , 140.85 , 141.91 ,, 0.87 , 1.13 , (0.32), (0.93), 1.06 ,,,0.6668%,,0.4572%,0,-0.2833%,5.9080%,6.0253%,,-0.1337%,,-0.3356%,,-0.1260%,1.6568%,3.6247%,,0.0917%,,-0.2168%,,-0.0568%,1.3435%,4.0039%,,0,0,0,0
9/10/2025, 145.56 , 148.71 , 150.72 , 151.04 , 150.74 ,, 3.65 , 3.15 , 2.01 , 0.32 , (0.30),,,3.5587%,,3.7713%,0,2.3713%,9.0286%,8.5437%,,1.3651%,,1.5747%,,1.1279%,3.5361%,5.0441%,,0.0133%,,0.1954%,,-0.2266%,1.8589%,2.9237%,,1,0,0,1
9/11/2025, 151.99 , 154.84 , 154.11 , 152.35 , 153.02 ,, 1.25 , 2.85 , (0.73), (1.76), 0.67 ,,,0.6777%,,0.1503%,0,1.5825%,10.2940%,11.0253%,,-1.1754%,,-1.4896%,,-0.7138%,2.8626%,4.6247%,,-0.7073%,,-0.8565%,,-1.0696%,1.6527%,2.3678%,,1,0,0,1
9/12/2025, 149.18 , 144.58 , 141.79 , 142.34 , 139.39 ,, (3.84), (4.60), (2.79), 0.55 , (2.95),,,-6.5625%,,-6.5336%,0,-4.7555%,0.4107%,4.9871%,,-3.5897%,,-3.5016%,,-5.2605%,-1.9146%,1.8853%,,-1.6926%,,-1.5453%,,-3.3303%,-0.5169%,1.2042%,,0,0,0,0
9/15/2025, 139.60 , 142.83 , 143.28 , 145.09 , 145.45 ,, 0.21 , 3.23 , 0.45 , 1.81 , 0.36 ,,,4.1905%,,4.0071%,0,1.8523%,3.2766%,7.8954%,,1.8343%,,1.8041%,,-1.9480%,-0.4535%,3.2947%,,1.5145%,,1.5296%,,-0.8936%,-0.1847%,3.2409%,,1,0,0,1
9/16/2025, 145.26 , 145.61 , 143.09 , 141.57 , 142.15 ,, (0.19), 0.35 , (2.52), (1.52), 0.58 ,,,-2.1410%,,-1.9082%,0,-0.5131%,-0.7963%,4.9001%,,-2.3762%,,-2.3232%,,-3.9356%,-4.0616%,-0.8122%,,-0.6569%,,-0.6691%,,-1.3459%,-1.4027%,1.3530%,,0,1,0,1
9/17/2025, 142.63 , 141.26 , 141.37 , 142.02 , 142.83 ,, 0.48 , (1.37), 0.11 , 0.65 , 0.81 ,,,0.1402%,,0.2660%,0,-4.0184%,-1.6471%,7.7547%,,1.1114%,,1.2175%,,-4.2928%,-3.1649%,2.6563%,,1.0328%,,1.0540%,,-0.4873%,-0.7139%,3.5334%,,0,0,0,0
9/18/2025, 144.00 , 145.46 , 145.57 , 145.93 , 146.63 ,, 1.17 , 1.46 , 0.11 , 0.36 , 0.70 ,,,1.8264%,,1.7673%,0,-2.4014%,-0.8190%,9.2073%,,0.8043%,,0.7710%,,-2.0322%,-2.7460%,2.1547%,,0.7282%,,0.8023%,,1.1716%,0.1020%,2.4689%,,0,0,0,0
9/19/2025, 148.90 , 148.11 , 147.75 , 148.74 , 149.61 ,, 2.27 , (0.79), (0.36), 0.99 , 0.87 ,,,0.4768%,,0.2700%,0,4.4022%,-0.3533%,8.3065%,,1.0128%,,0.7787%,,2.2481%,-3.0125%,1.6254%,,1.2589%,,0.9400%,,3.6568%,0.3265%,2.8158%,,1,1,0,2
9/22/2025, 148.78 , 146.88 , 148.12 , 145.76 , 145.38 ,, (0.83), (1.90), 1.24 , (2.36), (0.38),,,-2.2853%,,-2.9739%,0,-2.5788%,-0.7264%,4.5639%,,-1.0212%,,-1.5262%,,-1.0822%,-3.0302%,0.1855%,,-1.8499%,,-2.1115%,,0.0157%,-0.8779%,1.1355%,,0,0,0,0
9/23/2025, 144.86 , 145.41 , 145.11 , 143.90 , 144.08 ,, (0.52), 0.55 , (0.30), (1.21), 0.18 ,,,-0.5385%,,-0.0150%,0,-0.6856%,-1.1987%,4.7093%,,-0.9147%,,-0.3658%,,0.8752%,-3.0605%,-1.4037%,,-0.7098%,,-0.2461%,,0.4387%,-0.9072%,0.4363%,,0,1,0,1
9/24/2025, 144.50 , 142.59 , 143.28 , 141.43 , 142.62 ,, 0.42 , (1.91), 0.69 , (1.85), 1.19 ,,,-1.3010%,,-0.7788%,0,-1.7304%,-5.7489%,3.2797%,,0.0210%,,0.3227%,,-0.0197%,-4.3125%,-0.7764%,,-0.4606%,,-0.1755%,,-0.7908%,-1.2781%,0.5808%,,0,1,0,1
9/25/2025, 141.69 , 140.19 , 141.65 , 141.86 , 143.09 ,, (0.93), (1.50), 1.46 , 0.21 , 1.23 ,,,0.9881%,,0.9866%,0,-2.5112%,-4.9126%,5.3814%,,2.0686%,,1.7163%,,0.9256%,-1.1066%,1.7561%,,1.0166%,,1.1441%,,-0.4491%,0.7225%,2.3753%,,0,1,0,1
9/26/2025, 144.09 , 142.94 , 141.36 , 142.31 , 142.50 ,, 1.00 , (1.15), (1.58), 0.95 , 0.19 ,,,-1.1035%,,-1.4537%,0,-4.2349%,0.1673%,0.5780%,,-0.3078%,,-0.3124%,,-0.1654%,2.0826%,0.1680%,,0.8065%,,0.2946%,,-1.0944%,2.5625%,2.0456%,,0,0,0,0
9/29/2025, 144.92 , 146.72 , 144.38 , 143.60 , 143.37 ,, 2.42 , 1.80 , (2.34), (0.78), (0.23),,,-1.0696%,,-0.9567%,0,-2.2177%,-4.7965%,-1.5199%,,-2.2833%,,-2.1463%,,-0.7855%,-1.8677%,-2.3212%,,-0.6995%,,-0.5716%,,0.4455%,0.4612%,0.2766%,,0,1,0,1
9/30/2025, 143.43 , 144.36 , 144.44 , 144.06 , 145.71 ,, 0.06 , 0.93 , 0.08 , (0.38), 1.65 ,,,1.5896%,,1.1099%,0,-1.0928%,-1.7784%,-2.5747%,,0.9352%,,0.4782%,,0.0585%,0.9337%,-3.1279%,,0.8793%,,0.4435%,,1.1351%,1.5738%,0.1711%,,0,1,1,2
10/1/2025, 144.65 , 144.39 , 146.20 , 149.08 , 149.27 ,, (1.06), (0.26), 1.81 , 2.88 , 0.19 ,,,3.1939%,,2.3887%,1,2.0748%,0.3444%,-1.3028%,,3.3797%,,2.6611%,,2.3969%,2.3772%,-0.7877%,,2.0999%,,1.6928%,,3.0035%,2.2126%,1.4988%,,1,1,1,3
10/2/2025, 150.00 , 142.95 , 142.48 , 143.66 , 144.47 ,, 0.73 , (7.05), (0.47), 1.18 , 0.81 ,,,-3.6867%,,-3.4958%,0,-2.4075%,-4.9187%,-5.7376%,,1.0633%,,1.1007%,,1.7813%,2.7069%,-0.0391%,,1.3967%,,1.1570%,,3.0164%,2.5673%,2.6693%,,0,1,1,2
10/3/2025, 146.01 , 144.84 , 147.13 , 145.72 , 145.50 ,, 1.54 , (1.17), 2.29 , (1.41), (0.22),,,-0.3493%,,-0.2329%,0,-1.1867%,-5.4215%,-5.7749%,,0.4557%,,0.7061%,,2.7997%,2.6343%,-0.3782%,,-1.1079%,,-0.6764%,,2.0453%,0.9510%,1.2775%,,0,1,1,2
10/6/2025, 151.60 , 152.43 , 151.61 , 152.89 , 149.51 ,, 6.10 , 0.83 , (0.82), 1.28 , (3.38),,,-1.3786%,,-1.3742%,0,-1.6042%,-3.8218%,-4.5483%,,-1.9156%,,-2.1515%,,2.7946%,2.0090%,-1.0212%,,-1.3851%,,-1.5089%,,1.1081%,1.5536%,0.6757%,,0,1,1,2
10/7/2025, 150.48 , 149.54 , 148.46 , 144.94 , 145.27 ,, 0.97 , (0.94), (1.08), (3.52), 0.33 ,,,-3.4623%,,-2.9552%,0,-5.6693%,-6.7621%,-7.9607%,,-2.8554%,,-2.3943%,,-0.0779%,-0.0194%,-3.0799%,,-2.1487%,,-1.8849%,,-1.2203%,-0.0852%,-0.9924%,,0,1,1,2
10/8/2025, 147.99 , 153.74 , 153.85 , 156.22 , 157.37 ,, 2.72 , 5.75 , 0.11 , 2.37 , 1.15 ,,,6.3383%,,5.9175%,0,-2.1405%,-0.0657%,-5.8146%,,2.3611%,,1.9449%,,-0.7941%,1.6028%,-2.7097%,,2.2879%,,2.0929%,,-0.8202%,2.1832%,0.9051%,,0,0,1,1
10/9/2025, 157.00 , 157.01 , 156.72 , 156.69 , 158.30 ,, (0.37), 0.01 , (0.29), (0.03), 1.61 ,,,0.8280%,,1.1784%,1,2.5337%,0.1262%,-4.7864%,,0.8216%,,0.9317%,,-0.9630%,0.8183%,-0.2883%,,1.0082%,,1.0365%,,-0.9408%,2.0756%,2.7981%,,1,1,1,3
10/10/2025, 159.86 , 161.30 , 160.22 , 154.72 , 154.13 ,, 1.56 , 1.44 , (1.08), (5.50), (0.59),,,-3.5844%,,-0.7516%,1,2.0150%,0.8283%,0.9956%,,-4.4451%,,-1.4853%,,-3.1544%,-0.3547%,1.7280%,,-3.8010%,,-1.3995%,,-1.6639%,0.3815%,2.9439%,,1,1,1,3
10/13/2025, 160.76 , 160.09 , 158.38 , 150.70 , 147.42 ,, 6.63 , (0.67), (1.71), (7.68), (3.28),,,-8.2981%,,-8.6614%,0,-5.2722%,-6.8764%,-11.6729%,,-7.9143%,,-7.9399%,,-8.9429%,-6.1483%,-8.0161%,,-6.9201%,,-7.3487%,,-7.5037%,-6.3956%,-5.9344%,,0,1,1,2
10/14/2025, 142.99 , 137.43 , 140.72 , 140.90 , 138.82 ,, (4.43), (5.56), 3.29 , 0.18 , (2.08),,,-2.9163%,,-3.6817%,0,-5.9987%,-11.6680%,-13.4464%,,1.0114%,,0.1923%,,-6.3563%,-6.4342%,-5.5005%,,-1.3502%,,-1.7216%,,-7.3404%,-8.5607%,-6.9869%,,0,1,1,2
10/15/2025, 140.42 , 143.37 , 144.01 , 143.53 , 143.40 ,, 1.60 , 2.95 , 0.64 , (0.48), (0.13),,,2.1222%,,2.3831%,0,-9.5331%,-11.6736%,-11.3292%,,0.0209%,,0.5042%,,-7.7969%,-8.5910%,-6.2138%,,-0.4236%,,0.1653%,,-9.2680%,-10.0882%,-7.8756%,,0,1,1,2
10/16/2025, 144.90 , 144.99 , 146.34 , 146.50 , 146.00 ,, 1.50 , 0.09 , 1.35 , 0.16 , (0.50),,,0.7591%,,1.6844%,0,-9.0271%,-6.4934%,-11.4121%,,0.6966%,,1.5936%,,-7.1350%,-8.0980%,-5.3912%,,-0.2323%,,0.7331%,,-9.5714%,-10.5121%,-7.9448%,,0,0,1,1
10/17/2025, 143.01 , 142.13 , 141.86 , 142.89 , 143.10 ,, (2.99), (0.88), (0.27), 1.03 , 0.21 ,,,0.0629%,,-0.6785%,0,-8.9540%,-6.9391%,-12.3606%,,0.6825%,,0.1209%,,-5.5288%,-8.6832%,-6.0489%,,0.8741%,,0.1448%,,-8.0270%,-9.6909%,-8.7399%,,0,0,1,1
10/20/2025, 146.32 , 148.30 , 148.88 , 148.71 , 146.49 ,, 3.22 , 1.98 , 0.58 , (0.17), (2.22),,,0.1162%,,-0.4757%,0,-0.7684%,-6.0406%,-9.8625%,,-1.2205%,,-1.5988%,,0.8123%,-8.1306%,-6.1215%,,-1.6053%,,-1.6143%,,-2.2926%,-9.7963%,-8.2427%,,0,1,1,2
10/21/2025, 145.45 , 145.55 , 146.48 , 146.30 , 145.91 ,, (1.04), 0.10 , 0.93 , (0.18), (0.39),,,0.3163%,,0.3416%,1,3.2549%,-2.7438%,-9.5059%,,0.2473%,,0.1429%,,0.7629%,-5.5934%,-5.6127%,,-0.3891%,,-0.1958%,,-0.7669%,-8.1072%,-8.1925%,,1,1,1,3
10/22/2025, 145.87 , 146.55 , 143.97 , 144.96 , 146.60 ,, (0.04), 0.68 , (2.58), 0.99 , 1.64 ,,,0.5004%,,1.1269%,1,1.9987%,-7.5344%,-7.6001%,,0.0341%,,0.5525%,,0.8112%,-6.9857%,-5.3829%,,1.8268%,,2.1670%,,1.2348%,-8.0331%,-5.8499%,,1,1,1,3
10/23/2025, 146.78 , 151.16 , 152.71 , 153.23 , 152.80 ,, 0.18 , 4.38 , 1.55 , 0.52 , (0.43),,,4.1014%,,3.5760%,1,3.8903%,-5.1368%,-5.0106%,,1.0849%,,0.8357%,,0.0533%,-7.0818%,-6.2635%,,0.0589%,,-0.1529%,,0.3488%,-9.2225%,-7.1469%,,1,1,1,3
10/24/2025, 155.00 , 153.40 , 154.87 , 153.64 , 153.82 ,, 2.20 , (1.60), 1.47 , (1.23), 0.18 ,,,-0.7613%,,-0.8781%,1,3.6907%,-5.2633%,-4.4350%,,0.2738%,,0.2797%,,0.2120%,-5.3168%,-5.6715%,,-0.6780%,,-0.7607%,,-0.5568%,-8.5838%,-8.2023%,,1,1,1,3
10/27/2025, 157.41 , 156.55 , 157.19 , 157.41 , 156.80 ,, 3.59 , (0.86), 0.64 , 0.22 , (0.61),,,-0.3875%,,-0.7464%,1,3.4201%,2.6517%,-4.2247%,,0.1597%,,-0.1477%,,1.6631%,2.4754%,-3.6729%,,-0.2481%,,-0.6128%,,0.4447%,-1.8479%,-8.2435%,,1,1,1,3
10/28/2025, 156.62 , 157.10 , 156.67 , 156.72 , 156.80 ,, (0.18), 0.48 , (0.43), 0.05 , 0.08 ,,,0.1149%,,0.1251%,0,3.2036%,6.4585%,-5.2095%,,-0.1910%,,-0.3893%,,1.1309%,1.8938%,-4.5404%,,0.0830%,,-0.0818%,,0.5587%,-0.2081%,-8.7688%,,1,0,1,2
10/29/2025, 157.21 , 160.96 , 159.69 , 160.28 , 162.10 ,, 0.41 , 3.75 , (1.27), 0.59 , 1.82 ,,,3.1105%,,3.3167%,0,5.3934%,7.3920%,-4.2815%,,0.7083%,,1.0374%,,1.6158%,2.4270%,-6.1640%,,1.5092%,,1.6617%,,0.0534%,1.2882%,-8.7999%,,1,0,1,2
10/30/2025, 162.47 , 163.65 , 160.71 , 161.33 , 158.44 ,, 0.37 , 1.18 , (2.94), 0.62 , (2.89),,,-2.4805%,,-1.8853%,0,-0.0680%,3.8223%,-2.6711%,,-3.1836%,,-2.4289%,,-1.6488%,-1.5955%,-9.6936%,,-1.4125%,,-0.7433%,,-0.5369%,-0.1881%,-10.7002%,,0,0,1,1
10/31/2025, 161.09 , 161.38 , 161.90 , 157.24 , 157.69 ,, 2.65 , 0.29 , 0.52 , (4.66), 0.45 ,,,-2.1106%,,-1.6756%,0,-0.8655%,2.8252%,-4.1139%,,-2.2865%,,-2.0802%,,-4.0087%,-3.7967%,-12.4799%,,-2.6004%,,-2.2483%,,-2.0245%,-2.5812%,-12.2721%,,0,0,1,1
11/3/2025, 160.50 , 157.47 , 156.71 , 157.84 , 157.62 ,, 2.81 , (3.03), (0.76), 1.13 , (0.22),,,-1.7944%,,-1.4560%,0,-1.5752%,1.8449%,-4.1957%,,0.0953%,,-0.0249%,,-3.8859%,-2.2227%,-10.3533%,,0.5807%,,0.4385%,,-0.9731%,-0.5284%,-10.3247%,,0,0,1,1
11/4/2025, 152.86 , 156.47 , 155.33 , 154.50 , 153.58 ,, (4.76), 3.61 , (1.14), (0.83), (0.92),,,0.4710%,,0.5834%,0,-1.1169%,2.0867%,-0.6571%,,-1.8470%,,-1.3563%,,-4.8529%,-3.7220%,-9.3154%,,-1.1266%,,-0.7093%,,-1.6007%,-1.0419%,-9.1492%,,0,0,0,0
11/5/2025, 142.67 , 142.79 , 144.41 , 142.30 , 140.41 ,, (10.91), 0.12 , 1.62 , (2.11), (1.89),,,-1.5841%,,-1.9589%,0,-6.3925%,-0.9991%,-8.5335%,,-1.6668%,,-1.7007%,,-7.5911%,-5.9753%,-12.9610%,,-2.7699%,,-2.7168%,,-5.9791%,-5.9257%,-13.9589%,,0,0,1,1
11/6/2025, 140.65 , 137.17 , 134.26 , 136.21 , 134.02 ,, 0.24 , (3.48), (2.91), 1.95 , (2.19),,,-4.7138%,,-3.8032%,0,-8.3103%,-8.3783%,-13.5152%,,-2.2964%,,-1.7283%,,-6.8905%,-8.5393%,-15.6210%,,-0.1788%,,-0.0834%,,-5.3192%,-5.8562%,-15.0787%,,0,1,1,2
11/7/2025, 140.65 , 137.17 , 134.26 , 136.21 , 134.65 ,, 6.63 , (3.48), (2.91), 1.95 , (1.56),,,-4.2659%,,-4.7241%,0,-11.3588%,-12.2243%,-17.4876%,,-1.8371%,,-2.5456%,,-7.3558%,-11.3646%,-16.6813%,,0.2905%,,-0.8613%,,-3.9322%,-5.9567%,-14.5405%,,0,1,1,2
11/10/2025, 137.50 , 138.07 , 135.50 , 138.03 , 137.26 ,, 2.85 , 0.57 , (2.57), 2.53 , (0.77),,,-0.1745%,,-0.7785%,0,-10.6812%,-12.2564%,-9.6047%,,-0.5867%,,-0.9978%,,-8.3288%,-12.2147%,-9.7392%,,1.2989%,,0.5462%,,-3.8246%,-4.7977%,-6.6456%,,0,1,0,1
11/11/2025, 134.90 , 134.83 , 134.60 , 135.87 , 134.96 ,, (2.36), (0.07), (0.23), 1.27 , (0.91),,,0.0445%,,-0.3894%,0,-11.6540%,-12.7709%,-6.3124%,,0.0964%,,-0.2268%,,-7.1992%,-12.0521%,-10.1583%,,0.2675%,,-0.2862%,,-3.4014%,-5.0021%,-5.2102%,,0,1,0,1
11/12/2025, 136.22 , 134.46 , 134.53 , 135.20 , 134.99 ,, 1.26 , (1.76), 0.07 , 0.67 , (0.21),,,-0.9030%,,-0.6897%,0,-10.3849%,-16.7773%,-9.3853%,,0.3942%,,0.4541%,,-5.0443%,-12.6354%,-10.2084%,,0.3419%,,0.1983%,,-0.4863%,-6.4655%,-5.1772%,,0,1,0,1
11/13/2025, 134.50 , 132.72 , 133.21 , 130.38 , 130.29 ,, (0.49), (1.78), 0.49 , (2.83), (0.09),,,-3.1301%,,-1.8898%,0,-8.4715%,-16.7818%,-12.9596%,,-1.8309%,,-0.8380%,,-4.1541%,-11.0445%,-12.6401%,,-2.1920%,,-1.5386%,,-1.9416%,-7.2608%,-7.4489%,,0,1,1,2
11/14/2025, 127.06 , 132.22 , 133.63 , 133.82 , 131.37 ,, (3.23), 5.16 , 1.41 , 0.19 , (2.45),,,3.3921%,,2.4077%,0,-1.3397%,-12.6985%,-9.8733%,,-0.6429%,,-1.1274%,,-2.7359%,-10.0917%,-13.8884%,,-1.6912%,,-1.6451%,,-2.7254%,-6.6577%,-9.2389%,,0,1,1,2
11/17/2025, 131.35 , 131.28 , 129.23 , 126.67 , 127.26 ,, (0.02), (0.07), (2.05), (2.56), 0.59 ,,,-3.1138%,,-2.5150%,0,-3.0763%,-13.7575%,-11.9127%,,-3.0622%,,-2.0113%,,-3.7493%,-12.0781%,-14.3008%,,-1.5244%,,-0.7760%,,-4.0476%,-7.8722%,-8.4006%,,0,1,1,2
11/18/2025, 125.23 , 124.20 , 123.15 , 124.10 , 123.44 ,, (2.03), (1.03), (1.05), 0.95 , (0.66),,,-1.4294%,,-1.1243%,0,-3.8112%,-15.4652%,-13.3785%,,-0.6119%,,-0.8290%,,-4.3515%,-11.5508%,-15.2728%,,0.2355%,,-0.1997%,,-3.9611%,-7.3625%,-8.4044%,,0,1,1,2
11/19/2025, 123.05 , 125.39 , 124.56 , 124.63 , 124.74 ,, (0.39), 2.34 , (0.83), 0.07 , 0.11 ,,,1.3734%,,1.0904%,0,-2.0310%,-12.4159%,-13.4150%,,-0.5184%,,-0.0647%,,-4.8704%,-9.9147%,-15.8901%,,0.1445%,,0.1928%,,-3.9666%,-4.4530%,-10.3787%,,0,1,1,2
11/20/2025, 129.89 , 131.02 , 128.98 , 121.45 , 119.58 ,, 5.15 , 1.13 , (2.04), (7.53), (1.87),,,-7.9375%,,-4.9088%,0,-5.0500%,-13.5215%,-21.8999%,,-8.7315%,,-5.4155%,,-9.4479%,-13.6019%,-22.1412%,,-7.2880%,,-4.2809%,,-6.7089%,-8.6505%,-14.5067%,,0,1,1,2
11/21/2025, 118.42 , 118.83 , 115.66 , 116.79 , 117.43 ,, (1.16), 0.41 , (3.17), 1.13 , 0.64 ,,,-0.8360%,,-1.4436%,0,-8.9013%,-10.2411%,-22.4654%,,-1.1782%,,-1.8672%,,-10.1877%,-12.9236%,-24.2881%,,1.5303%,,0.5714%,,-4.4924%,-7.2179%,-13.1746%,,0,1,1,2
11/24/2025, 118.92 , 120.46 , 121.12 , 121.67 , 122.14 ,, 1.49 , 1.54 , 0.66 , 0.55 , 0.47 ,,,2.7077%,,1.7857%,0,-4.6006%,-7.6769%,-19.9333%,,1.3947%,,0.6778%,,-7.4986%,-11.2479%,-23.4626%,,0.8421%,,0.5016%,,-3.2149%,-7.2625%,-12.0602%,,0,1,1,2
11/25/2025, 122.40 , 124.28 , 123.65 , 125.36 , 125.02 ,, 0.26 , 1.88 , (0.63), 1.71 , (0.34),,,2.1405%,,1.1863%,0,-2.2900%,-6.1012%,-18.8721%,,0.5954%,,-0.3225%,,-6.9921%,-11.3437%,-23.3958%,,1.1080%,,0.3301%,,-2.6851%,-6.6462%,-11.6483%,,0,1,1,2
11/26/2025, 127.47 , 125.57 , 126.98 , 126.97 , 127.65 ,, 2.45 , (1.90), 1.41 , (0.01), 0.68 ,,,0.1412%,,-0.1539%,0,-3.5343%,-5.5654%,-22.3427%,,1.6564%,,1.3139%,,-5.6135%,-10.4839%,-23.1193%,,0.5276%,,0.5173%,,-2.3605%,-6.3272%,-12.7926%,,0,1,1,2
11/28/2025, 130.00 , 128.33 , 130.70 , 130.67 , 130.67 ,, 2.35 , (1.67), 2.37 , (0.03), -   ,,,0.5154%,,0.1438%,1,1.5183%,-3.5317%,-20.3136%,,1.8234%,,1.5078%,,1.3098%,-8.1381%,-19.1826%,,-0.0230%,,-0.1592%,,1.7612%,-4.9478%,-12.2086%,,1,1,1,3
12/1/2025, 128.98 , 127.56 , 127.85 , 129.06 , 128.18 ,, (1.69), (1.42), 0.29 , 1.21 , (0.88),,,-0.6203%,,-0.8353%,1,2.1266%,-6.7748%,-19.4733%,,0.4860%,,0.6592%,,3.8362%,-6.3515%,-16.4432%,,0.2581%,,0.4591%,,1.6489%,-2.8435%,-9.5012%,,1,1,1,3
12/2/2025, 129.75 , 129.50 , 127.08 , 126.92 , 127.22 ,, 1.57 , (0.25), (2.42), (0.16), 0.30 ,,,-1.9499%,,-1.8854%,0,-1.5445%,-6.1451%,-19.9026%,,-1.7606%,,-1.6360%,,1.5224%,-5.9762%,-18.0543%,,0.1102%,,0.4072%,,1.5545%,-1.6604%,-9.5326%,,0,1,1,2
12/3/2025, 126.16 , 125.13 , 127.30 , 127.97 , 127.82 ,, (1.06), (1.03), 2.17 , 0.67 , (0.15),,,1.3158%,,0.8397%,0,-1.8911%,-4.1811%,-19.6464%,,2.1498%,,1.7180%,,3.5629%,-3.4292%,-14.9800%,,0.4085%,,0.1901%,,1.4145%,-1.2706%,-8.6331%,,0,1,1,2
12/4/2025, 127.08 , 128.88 , 129.41 , 129.16 , 128.59 ,, (0.74), 1.80 , 0.53 , (0.25), (0.57),,,1.1882%,,1.1590%,0,-0.5782%,-4.1125%,-16.5284%,,-0.2250%,,-0.5852%,,1.6638%,-3.9497%,-13.8645%,,-0.6336%,,-0.9571%,,-0.0599%,-2.4205%,-6.8734%,,0,1,1,2
12/5/2025, 128.50 , 128.34 , 128.30 , 128.05 , 128.59 ,, (0.09), (0.16), (0.04), (0.25), 0.54 ,,,0.0700%,,0.0379%,0,-0.6840%,0.8343%,-12.6872%,,0.1948%,,0.3695%,,0.5255%,1.8353%,-11.7667%,,0.2260%,,0.3688%,,0.4680%,2.2292%,-6.4213%,,0,0,1,1
12/8/2025, 129.73 , 131.08 , 131.47 , 130.69 , 129.15 ,, 1.14 , 1.35 , 0.39 , (0.78), (1.54),,,-0.4471%,,-0.0160%,0,0.1354%,2.2619%,-7.9792%,,-1.4724%,,-1.2083%,,-1.3421%,2.4942%,-10.4294%,,-1.7647%,,-1.7544%,,-1.7455%,-0.0966%,-7.3144%,,1,0,1,2
12/9/2025, 128.70 , 128.36 , 129.04 , 130.08 , 130.05 ,, (0.45), (0.34), 0.68 , 1.04 , (0.03),,,1.0490%,,1.0636%,1,3.0843%,1.5398%,-6.1371%,,1.3166%,,1.5197%,,1.8137%,3.3360%,-7.9119%,,0.7827%,,0.9945%,,-1.1581%,0.3964%,-6.8661%,,1,1,1,3
12/10/2025, 131.05 , 132.56 , 131.76 , 131.24 , 132.39 ,, 1.00 , 1.51 , (0.80), (0.52), 1.15 ,,,1.0225%,,0.3046%,1,2.5492%,0.6581%,-5.4431%,,-0.1282%,,-0.7636%,,-0.6679%,2.8950%,-8.4487%,,0.4781%,,-0.2855%,,-1.6337%,-0.2192%,-6.8654%,,1,1,1,3
12/11/2025, 135.53 , 131.37 , 130.69 , 134.46 , 134.37 ,, 3.14 , (4.16), (0.68), 3.77 , (0.09),,,-0.8559%,,-1.4397%,0,-0.0495%,-0.6277%,-6.1931%,,2.2836%,,1.3285%,,1.2458%,2.9096%,-7.5743%,,2.8158%,,2.3200%,,1.6434%,1.5834%,-4.7437%,,0,1,1,2
12/12/2025, 132.48 , 129.38 , 127.18 , 125.48 , 124.76 ,, (1.89), (3.10), (2.20), (1.70), (0.72),,,-5.8273%,,-4.8958%,0,-4.9833%,-5.6673%,-9.1991%,,-3.5709%,,-2.7374%,,-1.8611%,-1.3357%,-9.4737%,,-1.9028%,,-1.9087%,,-0.6341%,-0.1660%,-5.1138%,,0,1,1,2
12/15/2025, 125.50 , 124.31 , 125.46 , 127.07 , 125.89 ,, 0.74 , (1.19), 1.15 , 1.61 , (1.18),,,0.3108%,,1.0414%,0,-3.9260%,-3.7906%,-10.5654%,,1.2710%,,1.5201%,,0.8673%,-0.4747%,-6.8262%,,0.3427%,,0.4044%,,1.5248%,-0.2207%,-3.0643%,,0,0,1,1
12/16/2025, 126.14 , 127.45 , 126.73 , 126.10 , 126.13 ,, 0.25 , 1.31 , (0.72), (0.63), 0.03 ,,,-0.0079%,,0.0451%,0,-4.9445%,-1.8602%,-8.0053%,,-1.0357%,,-0.7537%,,-1.4060%,0.4076%,-5.5686%,,-0.4734%,,-0.4543%,,0.0759%,-1.0822%,-2.7426%,,0,0,1,1
12/17/2025, 125.94 , 125.41 , 122.18 , 122.66 , 122.36 ,, (0.19), (0.53), (3.23), 0.48 , (0.30),,,-2.8426%,,-1.5939%,0,-6.8430%,-4.2938%,-8.4749%,,-2.4320%,,-1.2749%,,-1.9174%,-2.5852%,-6.0145%,,0.1473%,,0.6158%,,0.9772%,-0.6565%,-1.9271%,,0,0,1,1
12/18/2025, 125.00 , 126.50 , 126.22 , 125.23 , 124.62 ,, 2.64 , 1.50 , (0.28), (0.99), (0.61),,,-0.3040%,,-0.1372%,0,-5.5405%,-5.5901%,-9.7026%,,-1.4862%,,-1.2517%,,-4.4975%,-3.2517%,-7.2014%,,-1.2676%,,-0.7441%,,-2.0869%,-0.4436%,-2.8640%,,0,1,1,2
12/19/2025, 125.01 , 128.43 , 128.37 , 131.61 , 131.16 ,, 0.39 , 3.42 , (0.06), 3.24 , (0.45),,,4.9196%,,4.3284%,1,3.6837%,-1.2996%,-0.4653%,,2.1257%,,2.0124%,,0.2523%,-1.6088%,0.2265%,,2.1734%,,1.9363%,,1.7580%,1.1240%,3.3532%,,1,1,1,3
12/22/2025, 133.43 , 132.93 , 132.40 , 131.27 , 130.70 ,, 2.27 , (0.50), (0.53), (1.13), (0.57),,,-2.0460%,,-2.1703%,1,0.4721%,-3.4539%,-1.1920%,,-1.6776%,,-1.7975%,,-3.0653%,-2.1980%,0.2962%,,-1.2840%,,-1.4507%,,-0.0971%,1.4277%,1.3311%,,1,1,1,3
12/23/2025, 129.32 , 130.74 , 131.23 , 131.40 , 131.30 ,, (1.38), 1.42 , 0.49 , 0.17 , (0.10),,,1.5311%,,0.9477%,1,1.3747%,-3.5698%,-2.0300%,,0.4283%,,0.0636%,,-2.2480%,-3.6541%,-0.3180%,,0.0533%,,-0.1783%,,0.1789%,0.2548%,0.6512%,,1,1,1,3
12/24/2025, 131.13 , 131.14 , 130.80 , 130.77 , 130.77 ,, (0.17), 0.01 , (0.34), (0.03), -   ,,,-0.2745%,,-0.6132%,1,2.3553%,-4.4877%,-3.8296%,,-0.2821%,,-0.5261%,,-1.4993%,-3.4166%,-0.5216%,,-0.0229%,,-0.1404%,,-0.5773%,0.3999%,0.1806%,,1,1,1,3
12/26/2025, 131.00 , 130.86 , 131.39 , 131.56 , 131.85 ,, 0.23 , (0.14), 0.53 , 0.17 , 0.29 ,,,0.6489%,,0.7053%,1,3.1979%,-2.3426%,-2.9703%,,0.7565%,,0.8318%,,0.5842%,-3.9133%,-1.0037%,,0.3501%,,0.4341%,,0.6009%,-1.4861%,0.0974%,,1,1,1,3
12/29/2025, 131.15 , 133.84 , 133.11 , 133.82 , 134.18 ,, (0.70), 2.69 , (0.73), 0.71 , 0.36 ,,,2.3103%,,2.2667%,0,1.1362%,4.8199%,-0.8474%,,0.2540%,,0.2133%,,-1.2149%,-0.9626%,-2.2982%,,0.8038%,,0.7326%,,-0.6029%,1.1552%,0.9891%,,1,0,1,2
12/30/2025, 134.25 , 133.47 , 133.35 , 133.08 , 132.49 ,, 0.07 , (0.78), (0.12), (0.27), (0.59),,,-1.3110%,,-1.2368%,0,2.0697%,2.5417%,-1.2489%,,-0.7342%,,-0.5671%,,0.0155%,-3.0498%,-3.5246%,,-0.6449%,,-0.5475%,,0.3004%,0.2033%,-0.0174%,,1,0,1,2
12/31/2025, 132.50 , 132.03 , 132.28 , 132.27 , 131.01 ,, 0.01 , (0.47), 0.25 , (0.01), (1.26),,,-1.1245%,,-0.3532%,0,0.7688%,2.1434%,0.2833%,,-0.7726%,,-0.1719%,,-0.2200%,-2.4681%,-2.0604%,,-0.9601%,,-0.5962%,,-0.1175%,0.0614%,-1.0208%,,1,0,1,2
1/2/2026, 134.05 , 134.70 , 134.24 , 132.44 , 133.60 ,, 3.04 , 0.65 , (0.46), (1.80), 1.16 ,,,-0.3357%,,0.0347%,0,1.4167%,3.7721%,-0.5217%,,-0.8166%,,-0.3765%,,-0.0704%,-1.5697%,-4.1549%,,-0.4768%,,-0.7277%,,-0.7048%,-1.2821%,-1.9386%,,1,0,1,2
1/5/2026, 138.34 , 135.79 , 137.87 , 135.72 , 137.21 ,, 4.74 , (2.55), 2.08 , (2.15), 1.49 ,,,-0.8168%,,-0.9902%,0,-0.2788%,2.9191%,-2.6709%,,1.0457%,,0.9482%,,0.0460%,0.6302%,-2.6215%,,-0.4787%,,-0.3930%,,-1.5318%,-0.9310%,-1.3745%,,0,0,1,1
1/6/2026, 137.90 , 135.84 , 134.83 , 134.68 , 132.59 ,, 0.69 , (2.06), (1.01), (0.15), (2.09),,,-3.8506%,,-4.4132%,0,-6.9586%,-5.8224%,-7.1220%,,-2.3925%,,-2.6418%,,-2.8091%,-4.0240%,-5.6328%,,-1.6614%,,-2.0517%,,-4.3161%,-4.9190%,-3.7950%,,0,0,1,1
1/7/2026, 130.01 , 130.44 , 129.38 , 131.25 , 130.08 ,, (2.58), 0.43 , (1.06), 1.87 , (1.17),,,0.0538%,,0.4295%,0,-5.2924%,-3.2227%,-6.6766%,,-0.2760%,,0.1543%,,-2.0877%,-2.0722%,-4.2702%,,0.5410%,,0.9613%,,-2.8074%,-2.5070%,-1.0793%,,0,0,1,1
1/8/2026, 129.37 , 124.38 , 124.95 , 123.47 , 123.69 ,, (0.71), (4.99), 0.57 , (1.48), 0.22 ,,,-4.3905%,,-4.4805%,0,-9.4197%,-8.6509%,-12.2207%,,-0.5548%,,-0.7233%,,-2.6391%,-2.8591%,-6.5132%,,-1.0084%,,-0.9504%,,-3.1616%,-3.2791%,-3.0243%,,0,0,1,1
1/9/2026, 124.57 , 122.22 , 123.42 , 123.37 , 122.89 ,, 0.88 , (2.35), 1.20 , (0.05), (0.48),,,-1.3486%,,-1.8467%,0,-11.3011%,-9.8844%,-14.3721%,,0.5482%,,0.1780%,,-2.0846%,-2.1550%,-5.5716%,,-0.4294%,,-0.7387%,,-3.1726%,-3.8774%,-3.4775%,,0,0,1,1
1/12/2026, 121.60 , 122.56 , 122.67 , 123.73 , 123.44 ,, (1.29), 0.96 , 0.11 , 1.06 , (0.29),,,1.5132%,,0.8645%,0,-9.4464%,-9.7252%,-12.0678%,,0.7180%,,0.4974%,,-2.5353%,-2.4894%,-6.4027%,,0.6277%,,0.4476%,,-2.3320%,-3.8638%,-5.3499%,,0,1,1,2
1/13/2026, 123.70 , 125.50 , 127.65 , 129.40 , 129.94 ,, 0.26 , 1.80 , 2.15 , 1.75 , 0.54 ,,,5.0445%,,5.2946%,1,0.2614%,-6.6972%,-1.8774%,,3.5378%,,3.5378%,,3.6443%,0.8352%,-0.1274%,,1.7940%,,1.7940%,,1.5137%,-2.8024%,-1.6473%,,1,1,1,3
1/14/2026, 128.76 , 127.38 , 126.28 , 124.04 , 125.11 ,, (1.18), (1.38), (1.10), (2.24), 1.07 ,,,-2.8347%,,-2.7421%,0,-2.9102%,-8.2026%,-5.6608%,,-1.7821%,,-1.7821%,,1.7079%,-0.3798%,-3.4296%,,-0.9265%,,-0.9265%,,-0.3741%,-3.1815%,-2.9782%,,0,1,1,2
1/15/2026, 127.59 , 129.75 , 131.09 , 132.36 , 130.63 ,, 2.48 , 2.16 , 1.34 , 1.27 , (1.73),,,2.3826%,,2.7267%,1,4.2971%,-5.1226%,-2.9792%,,0.6782%,,0.6782%,,3.1094%,0.4704%,-1.9977%,,-0.3509%,,-0.3509%,,0.2254%,-2.9362%,-2.8748%,,1,1,1,3
1/16/2026, 132.18 , 130.27 , 130.69 , 129.55 , 129.83 ,, 1.55 , (1.91), 0.42 , (1.14), 0.28 ,,,-1.7779%,,-1.4896%,1,4.6542%,-6.6469%,-2.8748%,,-0.3378%,,-0.3378%,,2.5937%,0.5091%,-1.0606%,,-0.6580%,,-0.6580%,,0.3061%,-2.8665%,-4.1486%,,1,1,1,3
1/20/2026, 126.49 , 127.22 , 129.59 , 128.01 , 127.52 ,, (3.34), 0.73 , 2.37 , (1.58), (0.49),,,0.8143%,,1.3836%,1,5.1733%,-4.2731%,-1.3540%,,0.2358%,,0.2358%,,2.3321%,-0.2033%,0.4269%,,-1.5973%,,-1.5973%,,-1.7388%,-4.0709%,-5.0018%,,1,1,1,3
1/21/2026, 127.86 , 128.22 , 128.31 , 126.12 , 127.24 ,, 0.34 , 0.36 , 0.09 , (2.19), 1.12 ,,,-0.4849%,,-1.3206%,0,-1.4419%,-1.1806%,-7.0030%,,-0.7643%,,-0.7643%,,-1.9701%,1.6742%,-2.3498%,,-0.8339%,,-0.8339%,,-4.3667%,-2.8531%,-7.7720%,,0,0,1,1
1/22/2026, 139.84 , 142.36 , 140.75 , 138.46 , 138.42 ,, 12.60 , 2.52 , (1.61), (2.29), (0.04),,,-1.0154%,,-0.8821%,1,0.4181%,-2.4921%,-5.7148%,,-2.7676%,,-2.7676%,,-2.9557%,-1.2477%,-3.3200%,,-1.6554%,,-1.6554%,,-5.0956%,-5.4697%,-7.9767%,,1,1,1,3
1/23/2026, 138.37 , 136.97 , 138.19 , 136.56 , 136.34 ,, (0.05), (1.40), 1.22 , (1.63), (0.22),,,-1.4671%,,-1.6240%,0,-3.9327%,0.3644%,-8.2865%,,-0.4600%,,-0.4600%,,-4.0938%,-0.9844%,-3.8435%,,-1.3387%,,-1.3387%,,-6.0835%,-5.8581%,-9.1371%,,0,0,1,1
1/26/2026, 139.32 , 144.37 , 143.84 , 144.33 , 143.68 ,, 2.98 , 5.05 , (0.53), 0.49 , (0.65),,,3.1295%,,2.8080%,0,0.3649%,5.0191%,-4.8653%,,-0.4779%,,-0.4779%,,-4.2340%,-1.6403%,-3.7953%,,-0.1112%,,-0.1112%,,-5.5367%,-5.2306%,-9.1079%,,1,0,1,2
1/27/2026, 144.86 , 146.35 , 148.23 , 146.32 , 146.68 ,, 1.18 , 1.49 , 1.88 , (1.91), 0.36 ,,,1.2564%,,1.0605%,0,0.0417%,5.2151%,-4.5101%,,0.2255%,,0.2255%,,-4.2443%,-1.9123%,-4.4017%,,-1.0457%,,-1.0457%,,-4.9850%,-6.7238%,-10.5877%,,1,0,1,2
1/28/2026, 150.35 , 147.19 , 147.67 , 149.34 , 150.13 ,, 3.67 , (3.16), 0.48 , 1.67 , 0.79 ,,,-0.1463%,,0.0875%,1,1.4499%,0.0079%,-6.6893%,,1.9974%,,1.9974%,,-1.4826%,-3.4527%,-2.6176%,,1.6659%,,1.6659%,,-2.4852%,-6.8519%,-9.6543%,,1,1,1,3
1/29/2026, 150.15 , 149.37 , 146.34 , 148.62 , 148.12 ,, 0.02 , (0.78), (3.03), 2.28 , (0.50),,,-1.3520%,,-1.0045%,0,1.3275%,1.7456%,-6.4570%,,-0.8368%,,-0.8368%,,0.4482%,-2.5075%,-2.8873%,,1.2163%,,1.2163%,,0.3866%,-4.7091%,-7.8905%,,1,0,1,2
1/30/2026, 145.85 , 145.19 , 144.64 , 144.26 , 141.74 ,, (2.27), (0.66), (0.55), (0.38), (2.52),,,-2.8180%,,-2.8440%,1,0.1075%,-3.8252%,-8.9478%,,-2.3762%,,-2.3762%,,-1.4681%,-5.5619%,-5.0916%,,-2.0050%,,-2.0050%,,-0.2797%,-6.3631%,-9.2993%,,1,1,1,3
2/2/2026, 141.32 , 140.67 , 141.03 , 140.61 , 138.34 ,, (0.42), (0.65), 0.36 , (0.42), (2.27),,,-2.1087%,,-2.9614%,0,-5.6619%,-5.2970%,-11.9439%,,-1.6564%,,-1.6564%,,-2.6465%,-6.8805%,-6.3714%,,-1.9074%,,-1.9074%,,-2.0758%,-7.6125%,-10.4790%,,0,0,1,1
2/3/2026, 140.72 , 136.73 , 139.10 , 135.97 , 139.39 ,, 2.38 , (3.99), 2.37 , (3.13), 3.42 ,,,-0.9451%,,0.0143%,0,-6.7080%,-6.6663%,-10.9394%,,1.9454%,,1.9454%,,-0.9265%,-5.1709%,-5.3742%,,0.2085%,,0.2085%,,-0.8217%,-5.8066%,-9.8775%,,0,0,1,1
2/4/2026, 138.00 , 136.58 , 135.47 , 130.22 , 130.28 ,, (1.39), (1.42), (1.11), (5.25), 0.06 ,,,-5.5942%,,-4.9786%,0,-11.7741%,-10.3242%,-11.5048%,,-4.6127%,,-4.6127%,,-7.5366%,-9.0193%,-7.3451%,,-3.8311%,,-3.8311%,,-6.3187%,-8.8038%,-11.6569%,,0,0,0,0
2/5/2026, 127.73 , 127.75 , 128.14 , 128.94 , 128.69 ,, (2.55), 0.02 , 0.39 , 0.80 , (0.25),,,0.7516%,,1.2641%,0,-9.5055%,-8.1780%,-10.6701%,,0.7358%,,0.7358%,,-5.9640%,-5.5158%,-6.7636%,,0.4292%,,0.4292%,,-7.1058%,-6.7192%,-12.1889%,,0,0,1,1
2/6/2026, 131.40 , 132.50 , 133.63 , 135.59 , 137.49 ,, 2.71 , 1.10 , 1.13 , 1.96 , 1.90 ,,,4.6347%,,3.2905%,0,-3.3710%,-3.2635%,-2.8991%,,3.7660%,,3.7660%,,0.1782%,-1.2898%,-2.2742%,,2.8886%,,2.8886%,,-2.2122%,-2.4919%,-8.3499%,,0,0,0,0
2/9/2026, 138.28 , 138.35 , 140.42 , 141.46 , 141.74 ,, 0.79 , 0.07 , 2.07 , 1.04 , 0.28 ,,,2.5022%,,1.8494%,1,1.4399%,-4.2220%,0.7971%,,2.4503%,,2.4503%,,4.2849%,1.6384%,-0.0019%,,0.9400%,,0.9400%,,0.6352%,-1.4406%,-6.6712%,,1,1,1,3
2/10/2026, 144.32 , 143.22 , 143.03 , 144.02 , 143.45 ,, 2.58 , (1.10), (0.19), 0.99 , (0.57),,,-0.6028%,,-0.1956%,1,1.2299%,-5.4781%,-0.2630%,,0.1606%,,0.1606%,,2.5001%,1.5735%,-0.3388%,,0.2936%,,0.2936%,,0.7204%,-0.1013%,-6.8251%,,1,1,1,3
2/11/2026, 145.11 , 140.84 , 141.40 , 140.10 , 140.75 ,, 1.66 , (4.27), 0.56 , (1.30), 0.65 ,,,-3.0046%,,-2.3613%,1,3.8472%,-7.9269%,-7.9190%,,-0.0639%,,-0.0639%,,7.0488%,-0.4878%,-3.9405%,,-0.4597%,,-0.4597%,,4.0918%,-2.2269%,-9.0788%,,1,1,1,3
2/12/2026, 138.00 , 135.93 , 134.15 , 135.46 , 135.31 ,, (2.75), (2.07), (1.78), 1.31 , (0.15),,,-1.9493%,,-0.0839%,1,2.4991%,-7.0063%,-5.2608%,,-0.4561%,,-0.4561%,,5.8569%,-0.1071%,-2.6146%,,0.8647%,,0.8647%,,4.5273%,-2.5785%,-7.2876%,,1,1,1,3
2/13/2026, 145.82 , 141.90 , 143.19 , 143.01 , 141.59 ,, 10.51 , (3.92), 1.29 , (0.18), (1.42),,,-2.9008%,,-2.9096%,0,-3.7010%,-7.0720%,-10.8971%,,-0.2185%,,-0.2185%,,1.8724%,2.0507%,-3.5113%,,-1.1174%,,-1.1174%,,0.5213%,-1.6909%,-8.0541%,,0,1,1,2
2/17/2026, 140.64 , 140.68 , 141.18 , 143.61 , 142.60 ,, (0.95), 0.04 , 0.50 , 2.43 , (1.01),,,1.3936%,,1.0055%,0,-4.5450%,-3.1051%,-8.4021%,,1.3648%,,1.3648%,,0.7869%,5.0718%,-1.8087%,,1.0058%,,1.0058%,,0.5871%,1.2223%,-6.3902%,,0,0,1,1
2/18/2026, 140.46 , 138.79 , 141.07 , 139.95 , 139.52 ,, (2.14), (1.67), 2.28 , (1.12), (0.43),,,-0.6692%,,-1.0011%,0,-5.3505%,-4.1206%,-10.7868%,,0.5260%,,0.5260%,,1.1523%,3.6524%,-1.5185%,,-1.0987%,,-1.0987%,,-0.8053%,-0.0850%,-5.8916%,,0,0,1,1
2/19/2026, 138.61 , 138.67 , 136.85 , 137.64 , 137.20 ,, (0.91), 0.06 , (1.82), 0.79 , (0.44),,,-1.0172%,,-1.1167%,0,-4.1059%,-0.2587%,-10.5829%,,-1.0601%,,-1.0601%,,0.1561%,7.2050%,-1.8143%,,0.2558%,,0.2558%,,-0.0899%,4.0019%,-4.8019%,,0,0,1,1
2/20/2026, 136.02 , 135.91 , 137.62 , 136.19 , 132.79 ,, (1.18), (0.11), 1.71 , (1.43), (3.40),,,-2.3747%,,-3.4167%,0,-7.4386%,-4.9395%,-13.1175%,,-2.2956%,,-2.2956%,,-1.6834%,4.1735%,-1.3423%,,-3.5097%,,-3.5097%,,-4.4642%,0.0630%,-6.6562%,,0,0,1,1
2/23/2026, 131.22 , 127.87 , 126.98 , 127.62 , 127.42 ,, (1.57), (3.35), (0.89), 0.64 , (0.20),,,-2.8959%,,-2.1079%,0,-6.6369%,-10.3379%,-13.6014%,,-0.3519%,,-0.3519%,,-1.8169%,0.0556%,-1.2343%,,0.3465%,,0.3465%,,-3.0003%,-2.4790%,-4.9709%,,0,1,1,2
2/24/2026, 130.25 , 124.75 , 128.53 , 129.53 , 128.73 ,, 2.83 , (5.50), 3.78 , 1.00 , (0.80),,,-1.1670%,,-1.9677%,0,-9.6101%,-14.1551%,-18.3770%,,3.1904%,,3.1904%,,0.0087%,0.7956%,2.4341%,,0.1556%,,0.1556%,,-3.8505%,-3.2635%,-4.7041%,,0,1,1,2
2/25/2026, 129.37 , 132.82 , 132.47 , 132.81 , 132.87 ,, 0.64 , 3.45 , (0.35), 0.34 , 0.06 ,,,2.7054%,,2.2852%,0,-6.3237%,-11.6742%,-17.1523%,,0.0376%,,0.0376%,,-0.4796%,0.6727%,2.2462%,,0.3020%,,0.3020%,,-2.4498%,-3.2552%,-3.3565%,,0,1,1,2
2/26/2026, 132.00 , 129.79 , 129.35 , 129.09 , 130.23 ,, (0.87), (2.21), (0.44), (0.26), 1.14 ,,,-1.3409%,,-0.7697%,0,-5.9768%,-10.0826%,-18.0095%,,0.3390%,,0.3390%,,0.9195%,1.0756%,0.5878%,,0.6803%,,0.6803%,,-2.0253%,-2.1151%,-4.3420%,,0,1,1,2
2/27/2026, 127.52 , 129.87 , 131.68 , 130.89 , 133.50 ,, (2.71), 2.35 , 1.81 , (0.79), 2.61 ,,,4.6895%,,4.2649%,1,1.7048%,-5.7338%,-12.7401%,,2.7951%,,2.7951%,,6.0102%,4.3268%,4.2198%,,1.3821%,,1.3821%,,2.8665%,-1.5977%,-4.1762%,,1,1,1,3
3/2/2026, 129.65 , 128.71 , 128.92 , 128.53 , 129.28 ,, (3.85), (0.94), 0.21 , (0.39), 0.75 ,,,-0.2854%,,-1.4155%,1,2.3973%,-4.2396%,-11.3116%,,0.4429%,,0.4429%,,6.8050%,4.9881%,7.0388%,,0.2792%,,0.2792%,,2.7993%,-0.2011%,-1.8920%,,1,1,1,3
3/3/2026, 125.33 , 124.59 , 123.27 , 125.71 , 124.59 ,, (3.95), (0.74), (1.32), 2.44 , (1.12),,,-0.5904%,,-1.3622%,1,3.0027%,-6.6073%,-9.7125%,,0.0000%,,0.0000%,,3.6146%,3.6233%,8.6952%,,1.0708%,,1.0708%,,3.7145%,-0.1361%,1.0862%,,1,1,1,3
3/4/2026, 127.87 , 130.96 , 132.78 , 133.48 , 134.79 ,, 3.28 , 3.09 , 1.82 , 0.70 , 1.31 ,,,5.4117%,,4.8983%,1,5.6158%,-0.7080%,-4.8285%,,2.9246%,,2.9246%,,6.5015%,6.0219%,9.6743%,,1.5138%,,1.5138%,,4.9263%,2.4765%,2.3915%,,1,1,1,3
3/5/2026, 135.12 , 136.81 , 136.02 , 136.03 , 139.40 ,, 0.33 , 1.69 , (0.79), 0.01 , 3.37 ,,,3.1676%,,3.2614%,1,9.6469%,3.6701%,3.4114%,,1.8931%,,1.8931%,,8.0557%,8.9751%,16.1801%,,2.4849%,,2.4849%,,6.7309%,4.7056%,8.7076%,,1,1,1,3
3/6/2026, 136.39 , 137.46 , 138.03 , 136.45 , 132.91 ,, (3.01), 1.07 , 0.57 , (1.58), (3.54),,,-2.5515%,,-2.4342%,0,2.9478%,4.6526%,-0.2869%,,-3.3101%,,-3.3101%,,1.9505%,7.9607%,12.1342%,,-3.7093%,,-3.7093%,,1.6394%,4.5060%,4.5690%,,1,0,1,2
3/9/2026, 130.41 , 131.91 , 132.48 , 133.93 , 137.17 ,, (2.50), 1.50 , 0.57 , 1.45 , 3.24 ,,,5.1837%,,3.3949%,0,7.7581%,10.1554%,-0.1825%,,3.9876%,,3.9876%,,5.4952%,12.3002%,12.3558%,,3.5402%,,3.5402%,,4.9003%,7.6996%,5.2206%,,1,0,1,2
3/10/2026, 138.00 , 139.80 , 140.13 , 140.75 , 139.63 ,, 0.83 , 1.80 , 0.33 , 0.62 , (1.12),,,1.1812%,,1.2771%,0,10.3974%,13.4002%,-0.7549%,,-0.1216%,,-0.1216%,,5.3736%,8.9882%,9.7839%,,-0.3568%,,-0.3568%,,3.4727%,7.1872%,3.9237%,,1,0,1,2
3/11/2026, 139.16 , 140.31 , 140.32 , 138.75 , 138.28 ,, (0.47), 1.15 , 0.01 , (1.57), (0.47),,,-0.6324%,,-0.4508%,0,5.0483%,10.6641%,-1.0101%,,-1.4468%,,-1.4468%,,1.0023%,7.5038%,8.1765%,,-1.4538%,,-1.4538%,,0.5051%,5.4314%,2.1763%,,1,0,1,2
3/12/2026, 137.74 , 134.33 , 134.68 , 135.50 , 134.03 ,, (0.54), (3.41), 0.35 , 0.82 , (1.47),,,-2.6935%,,-1.9321%,0,-0.1452%,9.5017%,-0.5809%,,-0.2233%,,-0.2233%,,-1.1142%,6.9414%,8.0170%,,-0.4826%,,-0.4826%,,-2.4624%,4.2685%,2.1533%,,0,0,1,1
3/13/2026, 134.82 , 137.20 , 131.94 , 132.91 , 133.57 ,, 0.79 , 2.38 , (5.26), 0.97 , 0.66 ,,,-0.9272%,,0.1158%,0,2.4048%,5.3525%,-0.3812%,,-2.6458%,,-2.6458%,,-0.4499%,1.5006%,5.8274%,,1.2354%,,1.2354%,,2.4823%,4.1217%,2.5240%,,1,0,1,2
3/16/2026, 133.87 , 134.34 , 132.82 , 134.34 , 135.40 ,, 0.30 , 0.47 , (1.52), 1.52 , 1.06 ,,,1.1429%,,1.0561%,0,0.0660%,7.8242%,3.5845%,,0.7890%,,0.7890%,,-3.6485%,1.8467%,6.8349%,,1.9425%,,1.9425%,,0.8846%,5.7850%,5.5839%,,1,0,0,1
3/17/2026, 135.01 , 134.52 , 134.39 , 133.31 , 133.07 ,, (0.39), (0.49), (0.13), (1.08), (0.24),,,-1.4369%,,-1.1901%,0,-2.4011%,7.9963%,1.3890%,,-1.0779%,,-1.0779%,,-4.6048%,0.7688%,4.3922%,,-0.9822%,,-0.9822%,,0.2592%,3.7319%,3.5959%,,0,0,0,0
3/18/2026, 133.50 , 134.70 , 134.81 , 136.78 , 136.15 ,, 0.43 , 1.20 , 0.11 , 1.97 , (0.63),,,1.9850%,,3.0099%,0,1.0596%,6.1080%,5.4000%,,1.0765%,,1.0765%,,-2.0815%,-1.0792%,4.9427%,,0.9940%,,0.9940%,,2.7070%,3.2122%,5.6886%,,1,0,0,1
3/19/2026, 133.74 , 134.97 , 135.21 , 135.07 , 136.26 ,, (2.41), 1.23 , 0.24 , (0.14), 1.19 ,,,1.8843%,,1.4630%,0,4.4547%,4.3096%,7.9797%,,0.9558%,,0.9558%,,-0.9024%,-2.0166%,6.9585%,,0.7766%,,0.7766%,,3.9662%,1.5038%,6.2094%,,1,1,0,2
3/20/2026, 134.00 , 132.40 , 131.80 , 132.03 , 131.20 ,, (2.26), (1.60), (0.60), 0.23 , (0.83),,,-2.0896%,,-0.8756%,0,3.4634%,5.8682%,10.5208%,,-0.9063%,,-0.9063%,,0.8370%,0.3871%,8.3478%,,-0.4552%,,-0.4552%,,2.2756%,4.7579%,9.2639%,,1,0,0,1
3/23/2026, 133.48 , 136.44 , 137.85 , 136.28 , 135.93 ,, 2.28 , 2.96 , 1.41 , (1.57), (0.35),,,1.8355%,,2.2443%,0,4.6516%,4.7176%,14.8730%,,-0.3738%,,-0.3738%,,-0.3258%,-3.9743%,8.3259%,,-1.3928%,,-1.3928%,,-1.0597%,-0.1751%,7.5245%,,1,0,0,1
3/24/2026, 134.21 , 131.20 , 132.54 , 130.68 , 130.78 ,, (1.72), (3.01), 1.34 , (1.86), 0.10 ,,,-2.5557%,,-2.8443%,0,2.9973%,0.5962%,13.9963%,,-0.3201%,,-0.3201%,,0.4320%,-4.1728%,4.8154%,,-1.3279%,,-1.3279%,,-1.4054%,-1.1462%,6.0410%,,1,1,0,2
3/25/2026, 133.21 , 131.59 , 133.57 , 134.31 , 135.01 ,, 2.43 , (1.62), 1.98 , 0.74 , 0.70 ,,,1.3512%,,1.6443%,0,1.6316%,2.6913%,13.3554%,,2.5990%,,2.5990%,,1.9545%,-0.1270%,7.3768%,,1.0781%,,1.0781%,,-1.3213%,1.3857%,6.8172%,,1,0,0,1
3/26/2026, 131.79 , 131.78 , 127.08 , 124.36 , 122.59 ,, (3.22), (0.01), (4.70), (2.72), (1.77),,,-6.9808%,,-5.9134%,0,-5.7448%,-1.2900%,8.2117%,,-6.9737%,,-6.9737%,,-5.9750%,-6.8774%,0.0640%,,-3.5332%,,-3.5332%,,-5.6311%,-1.6648%,2.6036%,,0,0,0,0
3/27/2026, 121.34 , 121.32 , 122.06 , 120.58 , 120.76 ,, (1.25), (0.02), 0.74 , (1.48), 0.18 ,,,-0.4780%,,0.8325%,0,-4.0367%,-0.5733%,4.7792%,,-0.4616%,,-0.4616%,,-5.5303%,-4.6932%,-3.1927%,,-1.0650%,,-1.0650%,,-6.2409%,-3.9653%,0.1564%,,0,0,0,0
3/30/2026, 122.01 , 119.89 , 119.92 , 116.57 , 116.13 ,, 1.25 , (2.12), 0.03 , (3.35), (0.44),,,-4.8193%,,-3.5554%,0,-9.8364%,-5.1849%,2.6393%,,-3.1362%,,-3.1362%,,-8.2927%,-8.6185%,-6.7717%,,-3.1604%,,-3.1604%,,-8.0085%,-9.0682%,-3.2832%,,0,0,0,0
3/31/2026, 118.62 , 119.56 , 118.30 , 122.06 , 122.78 ,, 2.49 , 0.94 , (1.26), 3.76 , 0.72 ,,,3.5070%,,1.7384%,0,-5.2536%,-2.2564%,5.7400%,,2.6932%,,2.6932%,,-5.2794%,-4.8474%,-4.0785%,,3.7870%,,3.7870%,,-2.8936%,-4.2990%,-0.5671%,,0,0,0,0
4/1/2026, 126.06 , 126.73 , 126.61 , 126.32 , 124.85 ,, 3.28 , 0.67 , (0.12), (0.29), (1.47),,,-0.9599%,,-1.1648%,0,-8.0627%,-6.4311%,-0.3231%,,-1.4835%,,-1.4835%,,-9.3618%,-7.4073%,-8.4866%,,-1.3901%,,-1.3901%,,-5.3618%,-6.6831%,-3.4710%,,0,0,0,0
4/2/2026, 121.10 , 123.94 , 126.41 , 125.83 , 126.67 ,, (3.75), 2.84 , 2.47 , (0.58), 0.84 ,,,4.5995%,,3.1268%,1,0.9775%,-4.7673%,-0.4577%,,2.2027%,,2.2027%,,-0.1854%,-6.1604%,-8.1770%,,0.2057%,,0.2057%,,-1.6229%,-7.2540%,-5.7502%,,1,1,1,3
,,,,,,,,,,,,,,,,,,,,,,,,,,,,,,,,,,,,,,,,,
,,,,,,,,,,,,,,,,-0.0199%,,0.9775%,-4.7673%,-0.4577%,,,,-0.0218%,,-0.1854%,-6.1604%,-8.1770%,,,,-0.0294%,,-1.6229%,-7.2540%,-5.7502%,,,,,
,,,,, 16.14 ,*,,,,,,,,,,,,,,,,,,,,,,,,,,,,,,,,,,,
Since beginning of year,,,,,,, 47.93 , (9.35), (4.77), (12.94), (4.73), 16.14 ,*,,,,,,,,,,,,,,,,,,,,,,,,,,,,
,,,,, (35.43),,,,,,,,,,,,,,,,,,,,,,,,,,,,,,,,,,,,
Since market topped on October 29th,,,,,,, 26.29 , (18.33), (7.64), (12.05), (23.70), (35.43),,,,,,,,,,,,,,,,,,,,,,,,,,,,,
,,,,, (27.46),,,,,,,,,,,,,,,,,,,,,,,,,,,,,,,,,,,,
Since market bottomed on October 10th,,,,,,, 36.94 , (13.49), (3.45), (18.05), (29.41), (27.46),,,,,,,,,,,,,,,,,,,,,,,,,,,,,
,,,,,,,,,,,,,,,,,,,,,,,,,,,,,,,,,,,,,,,,,
,,,,,,,,,,,,,,,,,,,,,,,,,,,,,,,,,,,,,,,,,
Breakdown of 2025/2026,,,,,,,,,,,,,,,,,,,,,,,,,,,,,,,,,,,,,,,,,
,,,,,,,,,,,,,,,,,,,,,,,,,,,,,,,,,,,,,,,,,
     January 1 - January 23,,,,,,, 11.39 , 1.67 , 2.08 , 5.60 , (2.15), 18.59 ,,,,,,,,,,,,,,,,,,,,,,,,,,,,,
     January 24 - February 19,,,,,,, (10.77), (2.99), (9.06), (9.62), 7.24 , (25.20),,,,,,,,,,,,,,,,,,,,,,,,,,,,,
     February 20 - March 13,,,,,,, (6.20), (15.32), (2.16), (1.45), 1.35 , (23.78),,,,,,,,,,,,,,,,,,,,,,,,,,,,,
     March 14 - April 2,,,,,,, (6.92), (1.86), 7.25 , (3.19), 4.75 , 0.02 ,,,,,,,,,,,,,,,,,,,,,,,,,,,,,
     April 3 - April 7,,,,,,, (15.26), 5.90 , (1.41), 1.60 , (2.82), (11.99),,,,,,,,,,,,,,,,,,,,,,,,,,,,,
     April 8 - May 16,,,,,,, 9.16 , 5.57 , 1.43 , 9.37 , 2.72 , 28.25 ,,,,,,,,,,,,,,,,,,,,,,,,,,,,,
     May 17 - May 23,,,,,,, (8.57), 4.33 , (0.04), 0.81 , (1.75), (5.22),,,,,,,,,,,,,,,,,,,,,,,,,,,,,
     May 24 - June 12,,,,,,, 2.08 , (2.24), 4.72 , (0.85), 0.85 , 4.57 ,,,,,,,,,,,,,,,,,,,,,,,,,,,,,
     June 13 - July 25,,,,,,, 8.76 , (0.47), 1.19 , 7.10 , 1.94 , 18.52 ,,,,,,,,,,,,,,,,,,,,,,,,,,,,,
     July 26 - Aug 1,,,,,,, (0.82), 3.14 , (0.27), 0.40 , 0.83 , 3.28 ,,,,,,,,,,,,,,,,,,,,,,,,,,,,,
     Aug 2 - Aug 13,,,,,,, 16.63 , 4.90 , (3.23), (0.78), 2.88 , 20.40 ,,,,,,,,,,,,,,,,,,,,,,,,,,,,,
     Aug 14 - Sept 2,,,,,,, (13.32), 2.37 , 3.13 , 0.72 , 4.99 , (2.11),,,,,,,,,,,,,,,,,,,,,,,,,,,,,
     Sept 3 - Sept 22,,,,,,, 10.19 , 1.81 , (3.43), 1.21 , (0.26), 9.52 ,,,,,,,,,,,,,,,,,,,,,,,,,,,,,
     Sept 23 - Oct 10,,,,,,, 14.64 , (2.67), (1.52), (5.81), 4.11 , 8.75 ,,,,,,,,,,,,,,,,,,,,,,,,,,,,,
     Oct 11 - Dec 31,,,,,,, 18.90 , 5.74 , (16.16), (5.49), (26.11), (23.12),,,,,,,,,,,,,,,,,,,,,,,,,,,,,
     Jan 1 - Apr 3,,,,,,, 18.04 , (19.23), 12.71 , (12.56), (3.30), (4.34),,,,,,,,,,,,,,,,,,,,,,,,,,,,,
,,,,,,,,,,,,,,,,,,,,,,,,,,,,,,,,,,,,,,,,,
,,,,,,, 47.93 , (9.35), (4.77), (12.94), (4.73), 16.14 ,*,,,,,,,,,,,,,,,,,,,,,,,,,,,,
,,,,,,,,,,,,,,,,,,,,,,,,,,,,,,,,,,,,,,,,,
,,,,,,,,,,,,,,,,,,,,,,,,,,,,,,,,,,,,,,,,,
     Last 10 days,,,,,,, (0.47), (0.97), 1.29 , (7.12), (2.32), (9.59),,,,,,,,,,,,,,,,,,,,,,,,,,,,,
,,,,,,,,,,,,,,,,,,,,,,,,,,,,,,,,,,,,,,,,,
     Last 5 days,,,,,,, 2.02 , 2.31 , 1.86 , (1.94), (0.17), 4.08 ,,,,,,,,,,,,,,,,,,,,,,,,,,,,,
