3/12/2026,137.74,134.33,134.68,135.5,134.03,, (0.54), (3.41),0.35,0.82, (1.47),,,-2.6935%,,-1.9321%,0,-0.1452%,9.5017%,-0.5809%,,-0.2233%,,-0.2233%,,-1.1142%,6.9414%,8.0170%,,-0.4826%,,-0.4826%,,-2.4624%,4.2685%,2.1533%,,0,0,1,1
3/13/2026,134.82,137.2,131.94,132.91,133.57,,0.79,2.38, (5.26),0.97,0.66,,,-0.9272%,,0.1158%,0,2.4048%,5.3525%,-0.3812%,,-2.6458%,,-2.6458%,,-0.4499%,1.5006%,5.8274%,,1.2354%,,1.2354%,,2.4823%,4.1217%,2.5240%,,1,0,1,2
3/16/2026,133.87,134.34,132.82,134.34,135.4,,0.3,0.47, (1.52),1.52,1.06,,,1.1429%,,1.0561%,0,0.0660%,7.8242%,3.5845%,,0.7890%,,0.7890%,,-3.6485%,1.8467%,6.8349%,,1.9425%,,1.9425%,,0.8846%,5.7850%,5.5839%,,1,0,0,1
3/17/2026,135.01,134.52,134.39,133.31,133.07,, (0.39), (0.49), (0.13), (1.08), (0.24),,,-1.4369%,,-1.1901%,0,-2.4011%,7.9963%,1.3890%,,-1.0779%,,-1.0779%,,-4.6048%,0.7688%,4.3922%,,-0.9822%,,-0.9822%,,0.2592%,3.7319%,3.5959%,,0,0,0,0
3/18/2026,133.5,134.7,134.81,136.78,136.15,,0.43,1.2,0.11,1.97, (0.63),,,1.9850%,,3.0099%,0,1.0596%,6.1080%,5.4000%,,1.0765%,,1.0765%,,-2.0815%,-1.0792%,4.9427%,,0.9940%,,0.9940%,,2.7070%,3.2122%,5.6886%,,1,0,0,1
3/19/2026,133.74,134.97,135.21,135.07,136.26,, (2.41),1.23,0.24, (0.14),1.19,,,1.8843%,,1.4630%,0,4.4547%,4.3096%,7.9797%,,0.9558%,,0.9558%,,-0.9024%,-2.0166%,6.9585%,,0.7766%,,0.7766%,,3.9662%,1.5038%,6.2094%,,1,1,0,2
3/20/2026,134,132.4,131.8,132.03,131.2,, (2.26), (1.60), (0.60),0.23, (0.83),,,-2.0896%,,-0.8756%,0,3.4634%,5.8682%,10.5208%,,-0.9063%,,-0.9063%,,0.8370%,0.3871%,8.3478%,,-0.4552%,,-0.4552%,,2.2756%,4.7579%,9.2639%,,1,0,0,1
3/23/2026,133.48,136.44,137.85,136.28,135.93,,2.28,2.96,1.41, (1.57), (0.35),,,1.8355%,,2.2443%,0,4.6516%,4.7176%,14.8730%,,-0.3738%,,-0.3738%,,-0.3258%,-3.9743%,8.3259%,,-1.3928%,,-1.3928%,,-1.0597%,-0.1751%,7.5245%,,1,0,0,1
3/24/2026,134.21,131.2,132.54,130.68,130.78,, (1.72), (3.01),1.34, (1.86),0.1,,,-2.5557%,,-2.8443%,0,2.9973%,0.5962%,13.9963%,,-0.3201%,,-0.3201%,,0.4320%,-4.1728%,4.8154%,,-1.3279%,,-1.3279%,,-1.4054%,-1.1462%,6.0410%,,1,1,0,2
3/25/2026,133.21,131.59,133.57,134.31,135.01,,2.43, (1.62),1.98,0.74,0.7,,,1.3512%,,1.6443%,0,1.6316%,2.6913%,13.3554%,,2.5990%,,2.5990%,,1.9545%,-0.1270%,7.3768%,,1.0781%,,1.0781%,,-1.3213%,1.3857%,6.8172%,,1,0,0,1
3/26/2026,131.79,131.78,127.08,124.36,122.59,, (3.22), (0.01), (4.70), (2.72), (1.77),,,-6.9808%,,-5.9134%,0,-5.7448%,-1.2900%,8.2117%,,-6.9737%,,-6.9737%,,-5.9750%,-6.8774%,0.0640%,,-3.5332%,,-3.5332%,,-5.6311%,-1.6648%,2.6036%,,0,0,0,0
3/27/2026,121.34,121.32,122.06,120.58,120.76,, (1.25), (0.02),0.74, (1.48),0.18,,,-0.4780%,,0.8325%,0,-4.0367%,-0.5733%,4.7792%,,-0.4616%,,-0.4616%,,-5.5303%,-4.6932%,-3.1927%,,-1.0650%,,-1.0650%,,-6.2409%,-3.9653%,0.1564%,,0,0,0,0
3/30/2026,122.01,119.89,119.92,116.57,116.13,,1.25, (2.12),0.03, (3.35), (0.44),,,-4.8193%,,-3.5554%,0,-9.8364%,-5.1849%,2.6393%,,-3.1362%,,-3.1362%,,-8.2927%,-8.6185%,-6.7717%,,-3.1604%,,-3.1604%,,-8.0085%,-9.0682%,-3.2832%,,0,0,0,0
3/31/2026,118.62,119.56,118.3,122.06,122.78,,2.49,0.94, (1.26),3.76,0.72,,,3.5070%,,1.7384%,0,-5.2536%,-2.2564%,5.7400%,,2.6932%,,2.6932%,,-5.2794%,-4.8474%,-4.0785%,,3.7870%,,3.7870%,,-2.8936%,-4.2990%,-0.5671%,,0,0,0,0
4/1/2026,126.06,126.73,126.61,126.32,124.85,,3.28,0.67, (0.12), (0.29), (1.47),,,-0.9599%,,-1.1648%,0,-8.0627%,-6.4311%,-0.3231%,,-1.4835%,,-1.4835%,,-9.3618%,-7.4073%,-8.4866%,,-1.3901%,,-1.3901%,,-5.3618%,-6.6831%,-3.4710%,,0,0,0,0
4/2/2026,121.1,123.94,126.41,125.83,126.67,, (3.75),2.84,2.47, (0.58),0.84,,,4.5995%,,3.1268%,1,0.9775%,-4.7673%,-0.4577%,,2.2027%,,2.2027%,,-0.1854%,-6.1604%,-8.1770%,,0.2057%,,0.2057%,,-1.6229%,-7.2540%,-5.7502%,,1,1,1,3
,,,,,,,,,,,,,,,,,,,,,,,,,,,,,,,,,,,,,,,,,
,,,,,,,,,,,,,,,,-0.0199%,,0.9775%,-4.7673%,-0.4577%,,,,-0.0218%,,-0.1854%,-6.1604%,-8.1770%,,,,-0.0294%,,-1.6229%,-7.2540%,-5.7502%,,,,,
,,,,,16.14,*,,,,,,,,,,,,,,,,,,,,,,,,,,,,,,,,,,,
Since beginning of year,,,,,,,47.93, (9.35), (4.77), (12.94), (4.73),16.14,*,,,,,,,,,,,,,,,,,,,,,,,,,,,,
,,,,, (35.43),,,,,,,,,,,,,,,,,,,,,,,,,,,,,,,,,,,,
Since market topped on October 29th,,,,,,,26.29, (18.33), (7.64), (12.05), (23.70), (35.43),,,,,,,,,,,,,,,,,,,,,,,,,,,,,
,,,,, (27.46),,,,,,,,,,,,,,,,,,,,,,,,,,,,,,,,,,,,
Since market bottomed on October 10th,,,,,,,36.94, (13.49), (3.45), (18.05), (29.41), (27.46),,,,,,,,,,,,,,,,,,,,,,,,,,,,,
,,,,,,,,,,,,,,,,,,,,,,,,,,,,,,,,,,,,,,,,,
,,,,,,,,,,,,,,,,,,,,,,,,,,,,,,,,,,,,,,,,,
Breakdown of 2025/2026,,,,,,,,,,,,,,,,,,,,,,,,,,,,,,,,,,,,,,,,,
,,,,,,,,,,,,,,,,,,,,,,,,,,,,,,,,,,,,,,,,,
     January 1 - January 23,,,,,,,11.39,1.67,2.08,5.6, (2.15),18.59,,,,,,,,,,,,,,,,,,,,,,,,,,,,,
     January 24 - February 19,,,,,,, (10.77), (2.99), (9.06), (9.62),7.24, (25.20),,,,,,,,,,,,,,,,,,,,,,,,,,,,,
     February 20 - March 13,,,,,,, (6.20), (15.32), (2.16), (1.45),1.35, (23.78),,,,,,,,,,,,,,,,,,,,,,,,,,,,,
     March 14 - April 2,,,,,,, (6.92), (1.86),7.25, (3.19),4.75,0.02,,,,,,,,,,,,,,,,,,,,,,,,,,,,,
     April 3 - April 7,,,,,,, (15.26),5.9, (1.41),1.6, (2.82), (11.99),,,,,,,,,,,,,,,,,,,,,,,,,,,,,
     April 8 - May 16,,,,,,,9.16,5.57,1.43,9.37,2.72,28.25,,,,,,,,,,,,,,,,,,,,,,,,,,,,,
     May 17 - May 23,,,,,,, (8.57),4.33, (0.04),0.81, (1.75), (5.22),,,,,,,,,,,,,,,,,,,,,,,,,,,,,
     May 24 - June 12,,,,,,,2.08, (2.24),4.72, (0.85),0.85,4.57,,,,,,,,,,,,,,,,,,,,,,,,,,,,,
     June 13 - July 25,,,,,,,8.76, (0.47),1.19,7.1,1.94,18.52,,,,,,,,,,,,,,,,,,,,,,,,,,,,,
     July 26 - Aug 1,,,,,,, (0.82),3.14, (0.27),0.4,0.83,3.28,,,,,,,,,,,,,,,,,,,,,,,,,,,,,
     Aug 2 - Aug 13,,,,,,,16.63,4.9, (3.23), (0.78),2.88,20.4,,,,,,,,,,,,,,,,,,,,,,,,,,,,,
     Aug 14 - Sept 2,,,,,,, (13.32),2.37,3.13,0.72,4.99, (2.11),,,,,,,,,,,,,,,,,,,,,,,,,,,,,
     Sept 3 - Sept 22,,,,,,,10.19,1.81, (3.43),1.21, (0.26),9.52,,,,,,,,,,,,,,,,,,,,,,,,,,,,,
     Sept 23 - Oct 10,,,,,,,14.64, (2.67), (1.52), (5.81),4.11,8.75,,,,,,,,,,,,,,,,,,,,,,,,,,,,,
     Oct 11 - Dec 31,,,,,,,18.9,5.74, (16.16), (5.49), (26.11), (23.12),,,,,,,,,,,,,,,,,,,,,,,,,,,,,
     Jan 1 - Apr 3,,,,,,,18.04, (19.23),12.71, (12.56), (3.30), (4.34),,,,,,,,,,,,,,,,,,,,,,,,,,,,,
,,,,,,,,,,,,,,,,,,,,,,,,,,,,,,,,,,,,,,,,,
,,,,,,,47.93, (9.35), (4.77), (12.94), (4.73),16.14,*,,,,,,,,,,,,,,,,,,,,,,,,,,,,
,,,,,,,,,,,,,,,,,,,,,,,,,,,,,,,,,,,,,,,,,
,,,,,,,,,,,,,,,,,,,,,,,,,,,,,,,,,,,,,,,,,
     Last 10 days,,,,,,, (0.47), (0.97),1.29, (7.12), (2.32), (9.59),,,,,,,,,,,,,,,,,,,,,,,,,,,,,
,,,,,,,,,,,,,,,,,,,,,,,,,,,,,,,,,,,,,,,,,
     Last 5 days,,,,,,,2.02,2.31,1.86, (1.94), (0.17),4.08,,,,,,,,,,,,,,,,,,,,,,,,,,,,,
